Id,label,organization_type,region,industry,size_category,status,nx_in_degree,nx_out_degree,nx_total_degree,nx_betweenness,nx_closeness,nx_eigenvector,nx_pagerank,nx_pagerank_reversed,nx_community,planted_role
DST-00072,Holmes-Mcintyre,distributor,East,Automotive,Enterprise,active,0,5,5,0.0,0.0,9.81052720301546e-26,0.0003790359091815,0.000737141024261,0,none
WHS-00088,Gray-Tran,warehouse,South,Chemicals,Large,active,9,7,16,0.0085236513904991,0.1786487671918682,0.0271118569432448,0.0014908553647311,0.0013542343855751,1,none
WHS-00091,"Mueller, Knight and Hodge",warehouse,East,Automotive,Enterprise,active,11,5,16,0.0046176380025248,0.1788951113275437,0.0199246397677998,0.0014151372864967,0.0015081691116257,0,none
WHS-00011,Foster Inc,warehouse,East,Food_Beverage,Medium,active,3,3,6,0.0007039645256437,0.1624934052288761,0.0045368036788594,0.0008233736799729,0.0011084272971271,0,none
MFG-00112,Graham Group,manufacturer,South,Textiles,Large,active,11,6,17,0.002208006965206,0.158522403146059,0.0115236395544822,0.0012152082873689,0.0010853911641394,1,none
WHS-00029,Wheeler Group,warehouse,West,Automotive,Small,active,24,5,29,0.009820055594644,0.2063211430259776,0.0607444961585048,0.0028015699333885,0.0010964850130898,2,none
DST-00177,Lopez-Curry,distributor,North,Pharmaceuticals,Medium,active,16,5,21,0.0042948426872318,0.2055366519878561,0.0870730748805565,0.0031643673504651,0.000645505269271,3,none
DST-00064,Cisneros and Sons,distributor,West,Textiles,Medium,active,1,5,6,0.0008384426761033,0.1328432671869084,0.0042706892322454,0.0006113113411513,0.0008789947274216,2,none
RET-00010,"Martinez, Cline and Wright",retailer,South,Electronics,Small,active,18,0,18,0.0,0.2200138038815055,0.1235957477959549,0.0041831556640371,0.0005000725896763,1,none
SUP-00137,"Lewis, Kennedy and Santana",supplier,South,Pharmaceuticals,Enterprise,active,0,3,3,0.0,0.0,9.81052720301546e-26,0.0003790359091815,0.0008813438839761,1,none
LOG-00062,"Wilson, Sweeney and Wong",logistics_provider,North,Automotive,Enterprise,active,0,2,2,0.0,0.0,9.81052720301546e-26,0.0003790359091815,0.0006382437152263,3,none
SUP-00077,"Woods, Calhoun and Schmidt",supplier,West,Food_Beverage,Small,active,0,7,7,0.0,0.0,9.81052720301546e-26,0.0003790359091815,0.0016134287063188,2,none
DST-00187,Wilcox-Robertson,distributor,South,Textiles,Medium,active,4,7,11,0.001138298997988,0.1464605269075804,0.0088595426278888,0.000988554023959,0.0009024665044356,1,none
RET-00124,Crane Group,retailer,Central,Food_Beverage,Enterprise,active,4,0,4,0.0,0.164338207300047,0.027611634833298,0.0009411979128065,0.0005000725896763,4,none
RET-00089,"Flores, Mckenzie and Duncan",retailer,East,Food_Beverage,Small,active,14,0,14,0.0,0.20999920228712,0.0638322817351525,0.0033292807014857,0.0005000725896763,0,none
RET-00050,Wright Ltd,retailer,North,Electronics,Small,active,6,0,6,0.0,0.1852517479115944,0.0444604939180641,0.0012896469221841,0.0005000725896763,3,none
SUP-00281,Garner-Thornton,supplier,East,Chemicals,Medium,active,0,4,4,0.0,0.0,9.81052720301546e-26,0.0003790359091815,0.0007765281055062,0,none
RET-00034,Rios-Padilla,retailer,South,Electronics,Large,active,6,0,6,0.0,0.1749599841387281,0.0343931733504481,0.0014603068168647,0.0005000725896763,1,none
LOG-00012,"Moore, Price and Ward",logistics_provider,East,Textiles,Medium,active,0,4,4,0.0,0.0,9.81052720301546e-26,0.0003790359091815,0.0006516005552943,0,none
MFG-00020,"Shaw, Nelson and Martin",manufacturer,North,Automotive,Enterprise,active,3,5,8,0.0006158218861403,0.1726114086412117,0.0207923586887625,0.0005385880577171,0.0009956024798399,3,none
DST-00100,Miller Ltd,distributor,West,Automotive,Small,active,4,8,12,0.0013550516469128,0.177136448299747,0.0338398299551959,0.0009215014824132,0.0008536891643931,2,none
SUP-00175,Ramirez-Bean,supplier,North,Textiles,Medium,active,0,4,4,0.0,0.0,9.81052720301546e-26,0.0003790359091815,0.0007050364094705,3,none
MFG-00072,Davis Inc,manufacturer,West,Pharmaceuticals,Medium,active,4,8,12,0.0007382016281954,0.0041708375041708,2.0700212398362613e-22,0.0008083126106909,0.0015948036541998,2,none
DST-00078,Contreras-Mckinney,distributor,South,Pharmaceuticals,Large,active,4,4,8,0.0005473516874693,0.1331705345254924,0.0061674607846707,0.0009845212944552,0.0008768464954181,1,none
SUP-00211,"Pierce, Bell and Chavez",supplier,South,Electronics,Medium,active,1,8,9,0.0004914734373652,0.001001001001001,5.6901057777489665e-24,0.0004866052926998,0.0010866736111396,1,none
SUP-00236,"Harrison, Johnson and Roberts",supplier,South,Automotive,Large,active,0,4,4,0.0,0.0,9.81052720301546e-26,0.0003790359091815,0.0007560193159548,1,none
SUP-00102,"Patterson, Smith and Jones",supplier,South,Automotive,Enterprise,active,0,8,8,0.0,0.0,9.81052720301546e-26,0.0003790359091815,0.0012432800811864,1,none
RET-00137,Gomez and Sons,retailer,Central,Electronics,Medium,active,10,0,10,0.0,0.205656637029186,0.0609808858363231,0.0012904048482378,0.0005000725896763,4,none
RET-00053,Abbott Ltd,retailer,West,Electronics,Large,active,8,0,8,0.0,0.1702980409876961,0.0318751489635288,0.0021389377667589,0.0005000725896763,2,none
RET-00098,Oconnor PLC,retailer,West,Pharmaceuticals,Enterprise,active,9,0,9,0.0,0.2102227993875849,0.0422545771665287,0.001437896382579,0.0005000725896763,2,none
MFG-00047,Jones PLC,manufacturer,East,Food_Beverage,Medium,active,21,8,29,0.008573379429537,0.1898927616140731,0.0307249171851816,0.0038675789924913,0.0011021391839001,0,none
SUP-00140,Chambers and Sons,supplier,West,Automotive,Large,active,0,4,4,0.0,0.0,9.81052720301546e-26,0.0003790359091815,0.0007890603456548,2,none
DST-00172,Morris-Brewer,distributor,North,Chemicals,Large,active,1,7,8,4.083436225498127e-05,0.0055055055055055,1.0885859089737983e-20,0.0005218651053207,0.0008407194649352,3,none
DST-00050,Kelly-Norman,distributor,North,Food_Beverage,Enterprise,active,2,5,7,0.0003973021816715,0.1417865953385079,0.0047596620320887,0.0007393905327669,0.0008642912019146,3,none
MFG-00071,Mcdaniel Group,manufacturer,North,Automotive,Large,active,8,6,14,0.0014371064344509,0.0081081081081081,3.1325013359228363e-22,0.0009218033203736,0.0009977125635601,3,none
SUP-00199,Ramirez Group,supplier,Central,Textiles,Small,active,0,5,5,0.0,0.0,9.81052720301546e-26,0.0003790359091815,0.0010660536976344,4,none
WHS-00038,"Shelton, Peters and Williams",warehouse,North,Pharmaceuticals,Large,active,14,3,17,0.0026344189321366,0.1945048496772635,0.0592230385107193,0.002307092621578,0.0007095322605248,3,none
DST-00135,"Patel, Erickson and Evans",distributor,Central,Food_Beverage,Enterprise,active,1,8,9,0.0001217194101558,0.0065065065065065,4.332034497035536e-21,0.0004952328506054,0.0010806693836091,4,none
RET-00052,"Griffith, Mitchell and Pugh",retailer,Central,Textiles,Large,active,13,0,13,0.0,0.1813908748357841,0.0615829816724405,0.0023921552374272,0.0005000725896763,4,none
SUP-00060,Gomez-Jenkins,supplier,Central,Textiles,Enterprise,active,1,2,3,7.749423247085237e-06,0.001001001001001,5.6901057777489665e-24,0.0004274421317648,0.0006982727185794,4,none
MFG-00029,Harvey PLC,manufacturer,East,Chemicals,Enterprise,active,11,6,17,0.0004239205838019,0.011088011088011,4.0831414218950353e-22,0.0010384134500585,0.0015041892416617,0,none
SUP-00097,Wagner-King,supplier,South,Food_Beverage,Small,active,0,6,6,0.0,0.0,9.81052720301546e-26,0.0003790359091815,0.001195185489456,1,none
MFG-00013,Robinson-Lee,manufacturer,South,Electronics,Enterprise,active,7,4,11,0.0007643098754108,0.0073710073710073,6.748661662954334e-22,0.0009616170039261,0.0010837461198566,1,none
RET-00125,"Adkins, Wright and Murray",retailer,Central,Pharmaceuticals,Enterprise,active,15,0,15,0.0,0.1891816737326411,0.0534931864078786,0.0021822481003281,0.0005000725896763,4,none
SUP-00300,Harvey-Allen,supplier,West,Automotive,Enterprise,active,0,6,6,0.0,0.0,9.81052720301546e-26,0.0003790359091815,0.0013909855377316,2,none
SUP-00278,Gibson-Morris,supplier,North,Pharmaceuticals,Large,active,0,4,4,0.0,0.0,9.81052720301546e-26,0.0003790359091815,0.000809086802802,3,none
RET-00075,"Smith, Crawford and Reed",retailer,Central,Pharmaceuticals,Medium,active,3,0,3,0.0,0.1606438454264541,0.0133167077139452,0.0009354390323257,0.0005000725896763,4,none
DST-00152,Payne-Lowe,distributor,East,Chemicals,Small,active,8,5,13,0.0010120866933142,0.1914621232803051,0.0230056036584146,0.0019715834668976,0.0006792290313388,0,none
MFG-00140,King-York,manufacturer,Central,Textiles,Large,active,0,11,11,0.0,0.0,9.81052720301546e-26,0.0003790359091815,0.0012723074890344,4,none
LOG-00088,"Wagner, Simpson and Cohen",logistics_provider,East,Food_Beverage,Small,active,0,5,5,0.0,0.0,9.81052720301546e-26,0.0003790359091815,0.0009571152861172,0,none
DST-00121,"Khan, Pena and Ruiz",distributor,Central,Automotive,Small,active,6,7,13,0.0031863474232483,0.1699878599773778,0.0142643875583164,0.0007864107515225,0.0010332595749455,4,none
RET-00030,Pena LLC,retailer,Central,Food_Beverage,Large,active,9,0,9,0.0,0.200588556635211,0.0866463848388284,0.0014656050773718,0.0005000725896763,4,none
SUP-00262,"Anderson, Roberts and Gilmore",supplier,West,Electronics,Small,active,1,8,9,0.0001196841739037,0.001001001001001,9.418106114894841e-24,0.0004410951689036,0.0011190334402223,2,none
DST-00129,"Mcmillan, Fischer and Gonzalez",distributor,Central,Automotive,Medium,active,3,5,8,0.0013088751774176,0.161321480645032,0.0224295360737939,0.0007273537493172,0.0009176764122073,4,none
SUP-00024,Morales-Jones,supplier,North,Textiles,Medium,active,0,6,6,0.0,0.0,9.81052720301546e-26,0.0003790359091815,0.0009039693110282,3,none
SUP-00031,Burton Ltd,supplier,Central,Chemicals,Large,active,0,4,4,0.0,0.0,9.81052720301546e-26,0.0003790359091815,0.0010418418565873,4,none
DST-00168,Love-Garcia,distributor,South,Textiles,Large,active,8,5,13,0.0015202018287264,0.1894490869374047,0.0402343380336109,0.0025338508282087,0.0007235274213279,1,none
SUP-00011,Blair PLC,supplier,South,Automotive,Small,active,0,5,5,0.0,0.0,9.81052720301546e-26,0.0003790359091815,0.0010787126641887,1,none
SUP-00222,Harrison-Alexander,supplier,Central,Electronics,Small,active,0,5,5,0.0,0.0,9.81052720301546e-26,0.0003790359091815,0.0012505548187122,4,none
LOG-00071,Ray PLC,logistics_provider,South,Automotive,Small,active,0,3,3,0.0,0.0,9.81052720301546e-26,0.0003790359091815,0.000942048036871,1,none
SUP-00297,Howard-Jordan,supplier,East,Food_Beverage,Large,active,0,3,3,0.0,0.0,9.81052720301546e-26,0.0003790359091815,0.0006804284064977,0,none
SUP-00055,Jones Inc,supplier,South,Textiles,Small,active,0,2,2,0.0,0.0,9.81052720301546e-26,0.0003790359091815,0.0006216459659302,1,none
DST-00093,Torres and Sons,distributor,South,Pharmaceuticals,Medium,active,6,5,11,0.0059202927004037,0.1974052567479226,0.0444211644199682,0.0011294915079705,0.0007416457752795,1,none
SUP-00210,"Wood, Tran and Cooper",supplier,North,Electronics,Medium,active,0,3,3,0.0,0.0,9.81052720301546e-26,0.0003790359091815,0.0006219283380209,3,none
DST-00155,"Evans, David and Hendrix",distributor,North,Pharmaceuticals,Enterprise,active,3,3,6,6.625143565691327e-05,0.1609619520510609,0.0259793788026031,0.0007447684107572,0.0005666977938429,3,none
WHS-00043,"Thomas, Ford and Brown",warehouse,Central,Automotive,Enterprise,active,9,3,12,0.0013520530500406,0.1838644199755311,0.0178670781751199,0.0012420915289359,0.0007997044183787,4,none
WHS-00013,"Brown, Mcknight and Michael",warehouse,East,Pharmaceuticals,Enterprise,active,18,4,22,0.0064958109380891,0.2030277538884737,0.0312802066409905,0.0021624504654355,0.0011479099061842,0,none
RET-00017,"Smith, Schroeder and Oconnor",retailer,North,Electronics,Enterprise,active,7,0,7,0.0,0.1767082299690995,0.0504811079126749,0.0009287034792787,0.0005000725896763,3,none
SUP-00071,Gray Group,supplier,East,Chemicals,Enterprise,active,0,8,8,0.0,0.0,9.81052720301546e-26,0.0003790359091815,0.0010700209289139,0,none
DST-00094,Donovan-Perez,distributor,East,Electronics,Enterprise,active,6,4,10,0.0007613224960255,0.1737673918225753,0.0086285581577124,0.0011302423516253,0.0006724425606851,0,none
SUP-00108,Dickson-Brady,supplier,East,Electronics,Medium,active,0,7,7,0.0,0.0,9.81052720301546e-26,0.0003790359091815,0.0010465850364238,0,none
DST-00044,"Marshall, Dominguez and Welch",distributor,East,Pharmaceuticals,Medium,active,4,6,10,0.002883272008964,0.1683991883888041,0.0198846504930058,0.001294739232361,0.0008265521094111,0,none
DST-00141,"Williams, Castillo and Warren",distributor,South,Food_Beverage,Enterprise,active,3,5,8,0.0006343716680031,0.168881456306606,0.0226878821312168,0.0013670381182866,0.0008158814489983,1,none
WHS-00092,Jacobson Inc,warehouse,Central,Textiles,Enterprise,active,38,4,42,0.0125826498849844,0.1846494943562976,0.0493885309182464,0.0032321920929009,0.0012840569527239,4,none
SUP-00293,Bright-Francis,supplier,East,Textiles,Small,active,0,7,7,0.0,0.0,9.81052720301546e-26,0.0003790359091815,0.0009236713172446,0,none
SUP-00290,"James, Stewart and Higgins",supplier,West,Chemicals,Large,active,0,4,4,0.0,0.0,9.81052720301546e-26,0.0003790359091815,0.0008468968391997,2,none
WHS-00003,"Cox, Stark and Rodriguez",warehouse,West,Chemicals,Large,active,24,5,29,0.0222496539101326,0.1775242675625817,0.0232877129632299,0.0026792351434892,0.0008370648556547,2,none
SUP-00040,"Romero, Gonzalez and Brooks",supplier,South,Chemicals,Enterprise,active,0,6,6,0.0,0.0,9.81052720301546e-26,0.0003790359091815,0.0009331425902204,1,none
DST-00140,"Patton, Parsons and Lane",distributor,West,Food_Beverage,Large,active,5,4,9,0.0004545653319133,0.1908677095058075,0.0378415721249141,0.0011939477481702,0.000616031436562,2,none
MFG-00008,Armstrong-Andrews,manufacturer,East,Textiles,Medium,active,17,5,22,0.0050645193424423,0.1957964605112205,0.0326209699345337,0.0026642768713431,0.0010896616491562,0,none
WHS-00030,"Powers, Brennan and Sanchez",warehouse,West,Electronics,Medium,active,11,6,17,0.0032633734329099,0.1846494943562976,0.0325085678168892,0.001327136934819,0.0011346058396683,2,none
SUP-00067,Williams PLC,supplier,Central,Pharmaceuticals,Small,active,0,8,8,0.0,0.0,9.81052720301546e-26,0.0003790359091815,0.0009328314625483,4,none
SUP-00276,"Burns, Hernandez and Ryan",supplier,North,Food_Beverage,Enterprise,active,0,7,7,0.0,0.0,9.81052720301546e-26,0.0003790359091815,0.0016066810621349,3,none
SUP-00068,Novak and Sons,supplier,North,Chemicals,Small,active,0,5,5,0.0,0.0,9.81052720301546e-26,0.0003790359091815,0.0009605166110369,3,none
MFG-00019,Buchanan LLC,manufacturer,West,Pharmaceuticals,Medium,active,4,3,7,0.0013305721489774,0.1538964824848573,0.0112028882732914,0.0007689738507,0.0006517335530915,2,none
DST-00099,"Morgan, Bradshaw and Williams",distributor,West,Electronics,Medium,active,4,4,8,0.0037475190115083,0.1916318090616466,0.0202216723539961,0.0010235149320151,0.0007088213233618,2,none
RET-00149,"Robinson, Huang and Osborne",retailer,South,Chemicals,Large,active,21,0,21,0.0,0.2196232437600188,0.1119880687126624,0.0028475727043044,0.0005000725896763,1,none
WHS-00065,"Pena, Cohen and Scott",warehouse,East,Automotive,Medium,active,35,3,38,0.0035060359098787,0.2286477524404912,0.1022064805461754,0.0036863421865824,0.0006552492532334,0,none
LOG-00004,Peterson PLC,logistics_provider,East,Food_Beverage,Medium,active,0,2,2,0.0,0.0,9.81052720301546e-26,0.0003790359091815,0.0009323515779691,0,none
MFG-00028,Rodriguez-Hall,manufacturer,South,Food_Beverage,Small,active,9,50,59,0.0230847888265017,0.176413835646906,0.0129196570319906,0.0012350799281758,0.0068959044013698,1,hub
MFG-00083,"Austin, Day and Johnson",manufacturer,Central,Food_Beverage,Large,active,2,13,15,0.000629486113635,0.002002002002002,1.5010106620613657e-23,0.0006228598451564,0.0016458516550524,4,none
DST-00002,Stanley PLC,distributor,East,Automotive,Large,active,1,7,8,0.0014063798170167,0.1589107480827226,0.0149530240491959,0.0004432713067378,0.0008504649347423,0,none
DST-00073,Green LLC,distributor,South,Textiles,Small,active,5,7,12,0.0004994802122989,0.1565332224116007,0.0106550036521539,0.0010174559470706,0.0009213610669242,1,none
SUP-00219,Williams-Brown,supplier,West,Chemicals,Medium,active,0,2,2,0.0,0.0,9.81052720301546e-26,0.0003790359091815,0.0006215552765795,2,none
LOG-00038,Benton Group,logistics_provider,North,Chemicals,Medium,active,0,6,6,0.0,0.0,9.81052720301546e-26,0.0003790359091815,0.001448144934564,3,none
MFG-00137,Ortiz-Morgan,manufacturer,North,Electronics,Enterprise,active,9,3,12,0.0005334396171626,0.1679196670136354,0.0160177238529327,0.0012733016011679,0.0008413135833889,3,none
LOG-00015,Miller Group,logistics_provider,West,Chemicals,Enterprise,active,0,6,6,0.0,0.0,9.81052720301546e-26,0.0003790359091815,0.0012514712594707,2,none
SUP-00089,Suarez LLC,supplier,West,Automotive,Enterprise,active,0,5,5,0.0,0.0,9.81052720301546e-26,0.0003790359091815,0.0010835337684676,2,none
SUP-00064,"West, Henderson and Ramirez",supplier,North,Pharmaceuticals,Medium,active,0,7,7,0.0,0.0,9.81052720301546e-26,0.0003790359091815,0.0012038463340425,3,none
LOG-00077,"Mccarthy, Evans and Mendez",logistics_provider,West,Pharmaceuticals,Large,active,0,1,1,0.0,0.0,9.81052720301546e-26,0.0003790359091815,0.0008518790965227,2,none
WHS-00067,Murray-Oconnor,warehouse,East,Textiles,Large,active,2,5,7,0.0020356242108939,0.1530251648203995,0.0054286656271753,0.000572039564026,0.0010651253649663,0,none
MFG-00052,Guerrero Inc,manufacturer,West,Textiles,Medium,active,1,6,7,2.2954531972568045e-05,0.001001001001001,1.1282106283467783e-23,0.0004435775392925,0.0010253859191586,2,none
RET-00087,Tran Ltd,retailer,South,Chemicals,Small,active,10,0,10,0.0,0.1861151363154797,0.0460910220203374,0.0016880479718773,0.0005000725896763,1,none
SUP-00257,Cordova Group,supplier,Central,Automotive,Medium,active,0,4,4,0.0,0.0,9.81052720301546e-26,0.0003790359091815,0.0009210088653777,4,none
DST-00186,Thompson Ltd,distributor,West,Food_Beverage,Large,active,8,4,12,0.000925124506811,0.1814979501045533,0.0234733712779508,0.0010898087202695,0.0006959028446187,2,none
DST-00195,Sullivan PLC,distributor,East,Textiles,Small,active,5,5,10,0.0005986804348463,0.1695878885421369,0.024686389312192,0.0019166292461137,0.0006741845418105,0,none
DST-00105,Evans-Jones,distributor,North,Chemicals,Large,active,8,4,12,0.0086368134755444,0.2021419986518147,0.06150888027408,0.001972929557927,0.0008392573401115,3,none
RET-00110,Bates-Anderson,retailer,West,Textiles,Enterprise,active,8,0,8,0.0,0.2057674803266743,0.0772066681955145,0.0013946647410122,0.0005000725896763,2,none
SUP-00169,"Yates, Ramsey and Pittman",supplier,West,Textiles,Small,active,0,5,5,0.0,0.0,9.81052720301546e-26,0.0003790359091815,0.0007853542530593,2,none
RET-00068,Herrera Group,retailer,West,Chemicals,Medium,active,2,0,2,0.0,0.1591109092944179,0.0105651087754143,0.0006575787778256,0.0005000725896763,2,none
DST-00079,"Daniels, Vance and York",distributor,West,Pharmaceuticals,Medium,active,5,7,12,0.0020564757503233,0.1302034672167149,0.0012678711569575,0.0014520068134008,0.0007513519679265,2,none
LOG-00074,Rose-Fowler,logistics_provider,North,Automotive,Enterprise,active,0,0,0,0.0,0.0,9.81052720301546e-26,0.0003790359091815,0.0005000725896763,5,none
RET-00136,Reyes Group,retailer,West,Pharmaceuticals,Small,active,1,0,1,0.0,0.1410599319493028,0.0029012795473322,0.0004560631048336,0.0005000725896763,2,none
LOG-00067,Foster-Mclaughlin,logistics_provider,South,Food_Beverage,Small,active,0,4,4,0.0,0.0,9.81052720301546e-26,0.0003790359091815,0.0007454810736145,1,none
SUP-00087,"Ferrell, Jones and Lewis",supplier,South,Food_Beverage,Small,active,0,5,5,0.0,0.0,9.81052720301546e-26,0.0003790359091815,0.001185578776214,1,none
MFG-00133,Hayes LLC,manufacturer,West,Food_Beverage,Small,active,5,5,10,0.0002627966583655,0.005005005005005,2.433010746347833e-23,0.000609870409247,0.0009974843123033,2,none
SUP-00185,Rodriguez-Johnson,supplier,East,Automotive,Small,active,0,5,5,0.0,0.0,9.81052720301546e-26,0.0003790359091815,0.0010563737275969,0,none
RET-00129,Aguilar LLC,retailer,East,Pharmaceuticals,Medium,active,10,0,10,0.0,0.1988108877404394,0.0416942323018414,0.001181831771271,0.0005000725896763,0,none
DST-00085,Salazar Inc,distributor,West,Electronics,Enterprise,active,5,5,10,0.0026056990738895,0.166497349505563,0.0134120135040996,0.0019627644036985,0.0007859724696275,2,none
SUP-00295,"Brennan, Wallace and Benson",supplier,East,Pharmaceuticals,Enterprise,active,0,6,6,0.0,0.0,9.81052720301546e-26,0.0003790359091815,0.0008601968211627,0,none
RET-00043,Jones PLC,retailer,West,Chemicals,Medium,active,2,0,2,0.0,0.1501122544520513,0.0115413065061724,0.0005494215617602,0.0005000725896763,2,none
MFG-00126,"Brown, Romero and Collins",manufacturer,South,Automotive,Large,active,10,7,17,0.0022263633647724,0.1503647829563453,0.0082735314545139,0.0015244272036483,0.0014480544010143,1,none
WHS-00064,Hudson-Sanchez,warehouse,Central,Automotive,Medium,active,21,4,25,0.0044354168473444,0.1918017958822216,0.0467739356395284,0.0023178293781781,0.0008581738506994,4,none
SUP-00261,Wolf-Harris,supplier,South,Electronics,Large,active,1,6,7,0.0002205173691421,0.001001001001001,5.6901057777489665e-24,0.000453507020848,0.0007802542324523,1,none
SUP-00238,"Hall, Baker and Moody",supplier,Central,Electronics,Medium,active,0,4,4,0.0,0.0,9.81052720301546e-26,0.0003790359091815,0.000844829205984,4,none
DST-00110,Anderson-Wood,distributor,South,Pharmaceuticals,Enterprise,active,1,5,6,0.0004793196758396,0.1286540407920812,0.0005823508453197,0.0004515000463321,0.0007899740881444,1,none
DST-00134,"Kirby, Wheeler and Romero",distributor,North,Automotive,Large,active,2,3,5,0.000334217742999,0.1392900308511216,0.0046597475299695,0.0009054951136572,0.0007254516545187,3,none
MFG-00146,"Osborn, Gaines and Davis",manufacturer,South,Electronics,Large,active,12,5,17,0.0014768516082112,0.1310981555524805,0.0027187187933084,0.0010145303465485,0.001463777606967,1,dependent_manufacturer
RET-00018,"Stanton, Reid and Terry",retailer,West,Food_Beverage,Enterprise,active,9,0,9,0.0,0.2055173079763244,0.0662614407773773,0.0012724290526044,0.0005000725896763,2,none
LOG-00051,Garcia and Sons,logistics_provider,South,Chemicals,Small,active,0,2,2,0.0,0.0,9.81052720301546e-26,0.0003790359091815,0.0006544517703655,1,none
DST-00150,Fox-Edwards,distributor,East,Food_Beverage,Small,active,0,6,6,0.0,0.0,9.81052720301546e-26,0.0003790359091815,0.0007431729548226,0,none
LOG-00100,Gonzales Inc,logistics_provider,North,Electronics,Enterprise,active,0,4,4,0.0,0.0,9.81052720301546e-26,0.0003790359091815,0.0009454681548285,3,none
SUP-00266,Gay Inc,supplier,North,Pharmaceuticals,Small,active,0,13,13,0.0,0.0,9.81052720301546e-26,0.0003790359091815,0.0014433805354653,3,none
RET-00146,Castillo-Harrington,retailer,East,Electronics,Enterprise,active,13,0,13,0.0,0.2315811370873537,0.1238273753297552,0.0022664100210644,0.0005000725896763,0,none
DST-00080,"Mckinney, Graves and Thompson",distributor,South,Pharmaceuticals,Small,active,9,6,15,0.0014715278495938,0.1802872911822328,0.0274091428811914,0.0023092586046275,0.0007898530877632,1,none
SUP-00056,Jones-Young,supplier,North,Chemicals,Enterprise,active,1,4,5,4.563880927719716e-05,0.001001001001001,3.8261056091760304e-24,0.0004070974874906,0.0007224655577866,3,none
SUP-00121,White-Estes,supplier,South,Chemicals,Enterprise,active,0,7,7,0.0,0.0,9.81052720301546e-26,0.0003790359091815,0.0009569208332988,1,none
SUP-00216,"Carlson, Hooper and Wall",supplier,South,Automotive,Small,active,0,2,2,0.0,0.0,9.81052720301546e-26,0.0003790359091815,0.0006706322160398,1,none
SUP-00026,Wilkerson-Day,supplier,South,Food_Beverage,Enterprise,active,1,5,6,0.00048445238826,0.001001001001001,5.6901057777489665e-24,0.0005173394022765,0.0010821543761339,1,none
SUP-00073,Henderson-Bernard,supplier,Central,Textiles,Enterprise,active,1,6,7,0.000197914711181,0.001001001001001,1.1282106283467783e-23,0.0004670472229692,0.0010876766916353,4,none
SUP-00045,"Arroyo, Miller and Tucker",supplier,East,Electronics,Large,active,0,9,9,0.0,0.0,9.81052720301546e-26,0.0003790359091815,0.0018253501702064,0,none
SUP-00248,"Matthews, Smith and Hubbard",supplier,East,Automotive,Large,active,0,4,4,0.0,0.0,9.81052720301546e-26,0.0003790359091815,0.0007046416643146,0,none
WHS-00072,Duran Group,warehouse,East,Chemicals,Enterprise,active,10,3,13,0.002641101241427,0.1885679283935098,0.0621775926945547,0.0012257503505114,0.0009761632203091,0,none
SUP-00282,Hughes-Alvarado,supplier,West,Electronics,Medium,active,0,6,6,0.0,0.0,9.81052720301546e-26,0.0003790359091815,0.001182653080052,2,none
RET-00044,Bishop and Sons,retailer,West,Automotive,Large,active,1,0,1,0.0,0.1510888211631706,0.0062530280629935,0.0004155433266756,0.0005000725896763,1,none
RET-00065,"Wang, Henderson and Morales",retailer,East,Electronics,Enterprise,active,8,0,8,0.0,0.1877054134468473,0.0360236234104847,0.0017308577114149,0.0005000725896763,0,none
LOG-00061,"Chavez, Jones and Williams",logistics_provider,West,Textiles,Enterprise,active,0,2,2,0.0,0.0,9.81052720301546e-26,0.0003790359091815,0.0008965700332819,2,none
SUP-00245,"Fernandez, Kim and George",supplier,West,Textiles,Large,active,0,11,11,0.0,0.0,9.81052720301546e-26,0.0003790359091815,0.0015179541835739,2,critical_supplier
LOG-00073,Wilson-Lambert,logistics_provider,Central,Chemicals,Medium,active,0,3,3,0.0,0.0,9.81052720301546e-26,0.0003790359091815,0.0019184056920451,4,none
MFG-00022,Brock-Mcdonald,manufacturer,North,Automotive,Large,active,10,6,16,0.001761120960203,0.0100934267600934,4.884661494381398e-22,0.0011403867462959,0.0010402013694613,3,none
DST-00194,"Young, Contreras and Marshall",distributor,Central,Automotive,Medium,active,6,8,14,0.0022310206261927,0.1714707041167522,0.0417509844180803,0.0011042313667184,0.0009957966173877,4,none
SUP-00159,Mccarthy Inc,supplier,West,Textiles,Small,active,0,4,4,0.0,0.0,9.81052720301546e-26,0.0003790359091815,0.0009435736058014,2,none
RET-00128,Parks-Pace,retailer,Central,Pharmaceuticals,Enterprise,active,3,0,3,0.0,0.1480278366233294,0.0081228814186131,0.0006546738640655,0.0005000725896763,4,none
MFG-00130,Ford-Spencer,manufacturer,Central,Chemicals,Medium,active,12,8,20,0.0017805497109261,0.0125125125125125,8.892261856813208e-22,0.0012789820210102,0.0019882294523779,4,none
RET-00092,Finley Inc,retailer,West,Automotive,Enterprise,active,11,0,11,0.0,0.1990469195856401,0.0595437626546175,0.0015790045560828,0.0005000725896763,2,none
DST-00013,"Taylor, Wright and Davidson",distributor,East,Food_Beverage,Enterprise,active,4,6,10,0.0029342476668669,0.1998994371875728,0.0328435680441207,0.0014470825373672,0.000713715055503,0,none
MFG-00010,Smith-Grimes,manufacturer,North,Electronics,Medium,active,9,7,16,0.0017008806878771,0.0091000091000091,3.4121013612087768e-22,0.0011108173196871,0.0019642163114244,3,none
WHS-00048,"Calderon, Williams and Bennett",warehouse,East,Chemicals,Medium,active,3,0,3,0.0,0.1408155665409888,0.0068585018898469,0.0006023997416222,0.0005000725896763,0,none
SUP-00061,"Brown, Valdez and Lucas",supplier,South,Textiles,Medium,active,0,3,3,0.0,0.0,9.81052720301546e-26,0.0003790359091815,0.0007828968947392,1,none
RET-00035,Lewis Inc,retailer,Central,Textiles,Enterprise,active,10,0,10,0.0,0.1732705993483565,0.0193565722642428,0.0013137432267474,0.0005000725896763,4,none
DST-00146,Shaw-Carr,distributor,North,Electronics,Large,active,4,5,9,0.0027601137067647,0.1810925945487643,0.0474622219417721,0.0019866452942734,0.0007606914865777,3,none
LOG-00018,"Davis, George and Nguyen",logistics_provider,Central,Food_Beverage,Large,active,0,4,4,0.0,0.0,9.81052720301546e-26,0.0003790359091815,0.001630589081088,4,none
DST-00200,Todd-Pham,distributor,North,Electronics,Large,active,2,3,5,0.0005341711416613,0.1644710125947448,0.0206289417017976,0.0010189038358455,0.0006102048471981,3,none
WHS-00001,Gill Ltd,warehouse,South,Textiles,Enterprise,active,4,4,8,0.0009276505660467,0.1268427207027128,0.0021056750179599,0.0008275432434499,0.0006923677168711,1,none
RET-00016,Gibson-Freeman,retailer,South,Automotive,Small,active,5,0,5,0.0,0.1644138463810595,0.0195616383155825,0.0011201624063619,0.0005000725896763,1,none
WHS-00019,Miller-Brandt,warehouse,South,Pharmaceuticals,Enterprise,active,11,1,12,1.2088260807922353e-05,0.1398328830761263,0.0110666577121481,0.0014048111880235,0.0005554553472713,1,none
SUP-00299,"Sparks, Jackson and Miller",supplier,South,Automotive,Enterprise,active,0,2,2,0.0,0.0,9.81052720301546e-26,0.0003790359091815,0.000972299216286,1,none
WHS-00040,"Flores, Butler and Hernandez",warehouse,South,Textiles,Medium,active,12,4,16,0.0046499581511345,0.1800870831964668,0.0302978283907582,0.0014612450233664,0.0010097987859792,1,none
MFG-00015,"Becker, Taylor and Davis",manufacturer,West,Chemicals,Large,active,5,4,9,0.0001793800445843,0.0062370062370062,1.4446982359160559e-21,0.0007487185559765,0.0016828417211974,2,none
MFG-00011,"Beltran, Lozano and Mcgee",manufacturer,South,Automotive,Small,active,7,5,12,0.0003236053311432,0.0071182293404515,3.002021324122732e-22,0.000832973359052,0.0010251532177529,1,none
MFG-00062,Lam LLC,manufacturer,East,Electronics,Enterprise,active,12,12,24,0.0093726068890638,0.1868299751364267,0.0155705207447064,0.0016704058578002,0.0016722900629926,0,none
DST-00030,Barnes PLC,distributor,North,Automotive,Enterprise,active,3,5,8,0.0060377152651624,0.1842822936572936,0.0372340899235736,0.0020124792141654,0.0008642129326814,3,none
SUP-00111,Patton-Jenkins,supplier,Central,Chemicals,Small,active,1,5,6,0.0002069125943083,0.001001001001001,5.6901057777489665e-24,0.000448187655729,0.0010574197763921,4,none
RET-00140,Holland Group,retailer,South,Food_Beverage,Enterprise,active,9,0,9,0.0,0.2058519424774569,0.0658015722990753,0.0015996737626307,0.0005000725896763,1,none
DST-00037,"Hartman, Romero and Smith",distributor,Central,Electronics,Enterprise,active,5,6,11,0.0011240222613174,0.1737673918225753,0.0266027760726947,0.0009924023747682,0.0007938308680383,4,none
MFG-00064,"Kelley, Nguyen and Vang",manufacturer,Central,Chemicals,Enterprise,active,2,6,8,0.0004340607090223,0.0022522522522522,1.4549011842071932e-22,0.0005450565223411,0.0012551387759846,4,none
SUP-00255,Roberts-Landry,supplier,East,Electronics,Medium,active,0,5,5,0.0,0.0,9.81052720301546e-26,0.0003790359091815,0.000800643209049,0,none
SUP-00260,Dean-Jimenez,supplier,West,Food_Beverage,Large,active,0,6,6,0.0,0.0,9.81052720301546e-26,0.0003790359091815,0.001228237235441,2,none
LOG-00053,Griffin Group,logistics_provider,Central,Pharmaceuticals,Small,active,0,3,3,0.0,0.0,9.81052720301546e-26,0.0003790359091815,0.0007268807319758,4,none
WHS-00028,Allen Inc,warehouse,East,Chemicals,Large,active,6,8,14,0.0072783623024179,0.1747975407366407,0.030227001415336,0.0009662921768789,0.0015305726695706,0,none
DST-00045,Brown Group,distributor,Central,Pharmaceuticals,Small,active,7,8,15,0.0009769897375349,0.1328704780159102,0.0060582397183574,0.0010358290313169,0.0008976261754448,4,none
WHS-00021,"Long, Anderson and Irwin",warehouse,East,Food_Beverage,Small,active,17,6,23,0.0083281121147988,0.2003934734858429,0.0322622945667766,0.0019332247889278,0.001525830703891,0,none
MFG-00078,Bell-Lane,manufacturer,South,Pharmaceuticals,Enterprise,active,3,8,11,0.0005495764810387,0.003003003003003,2.6194107632051265e-23,0.0005745467562385,0.0012768033335496,1,none
DST-00077,Osborn-Cochran,distributor,North,Automotive,Large,active,5,5,10,0.0003522243803244,0.1658047644789103,0.0178516248235767,0.0016899153815191,0.0007416436443809,3,none
LOG-00096,Weaver-Sherman,logistics_provider,West,Pharmaceuticals,Large,active,0,2,2,0.0,0.0,9.81052720301546e-26,0.0003790359091815,0.0005894607561431,2,none
SUP-00138,"Jackson, Miller and Robertson",supplier,East,Automotive,Medium,active,0,3,3,0.0,0.0,9.81052720301546e-26,0.0003790359091815,0.0009672289157972,0,none
MFG-00056,Strickland-Palmer,manufacturer,North,Food_Beverage,Large,active,6,7,13,0.0009959878240729,0.0061311311311311,2.0513812381505328e-22,0.0009958262509577,0.0010287557670952,3,none
MFG-00066,"Wilson, Pena and Rich",manufacturer,South,Chemicals,Medium,active,5,5,10,0.001963767898545,0.1467587496999261,0.00712530301129,0.0007960508908427,0.001058296509379,1,none
RET-00093,Cline-Ayala,retailer,West,Chemicals,Medium,active,4,0,4,0.0,0.1883562267844267,0.0509223997658318,0.0013714923056932,0.0005000725896763,2,none
WHS-00100,"Allen, Davenport and Price",warehouse,West,Textiles,Large,active,16,2,18,0.0011590479107339,0.1853883034220273,0.0262349617912189,0.0013823572741701,0.0007674860268756,2,none
RET-00099,Hernandez Group,retailer,East,Food_Beverage,Small,active,15,0,15,0.0,0.1949883916900408,0.0598885570033292,0.002075971688179,0.0005000725896763,0,none
LOG-00080,Brooks and Sons,logistics_provider,West,Pharmaceuticals,Medium,active,0,3,3,0.0,0.0,9.81052720301546e-26,0.0003790359091815,0.0034879583954183,2,none
WHS-00007,"Burns, Nolan and Griffin",warehouse,South,Food_Beverage,Enterprise,active,11,7,18,0.0083460413306087,0.2108822086065259,0.0490558032951954,0.0015317800972973,0.0013233860833987,1,none
SUP-00200,Christensen PLC,supplier,West,Textiles,Small,active,1,7,8,3.615800487321307e-05,0.001001001001001,3.8261056091760304e-24,0.0004328206009407,0.0014652669266975,2,none
SUP-00214,"Tapia, Vaughn and Lee",supplier,West,Chemicals,Large,active,0,4,4,0.0,0.0,9.81052720301546e-26,0.0003790359091815,0.0006801076673925,2,none
MFG-00109,Jackson-Meza,manufacturer,South,Pharmaceuticals,Large,active,6,5,11,0.0015569574970369,0.1418796311622208,0.0069188700392281,0.0008968299370467,0.0010445604405995,1,none
MFG-00033,Torres Group,manufacturer,North,Food_Beverage,Small,active,8,8,16,0.0040213693462724,0.1740471354101619,0.0134794524815586,0.0010814990873623,0.001859345228013,3,none
SUP-00209,Holt-Torres,supplier,South,Chemicals,Small,active,0,4,4,0.0,0.0,9.81052720301546e-26,0.0003790359091815,0.0008439215044877,1,none
DST-00164,"Nelson, Hoffman and Nelson",distributor,South,Electronics,Small,active,5,6,11,0.0029636300324002,0.1853353353353353,0.0247643106063531,0.001066043621891,0.0007521949440075,1,none
SUP-00079,Jones Inc,supplier,East,Electronics,Medium,active,0,6,6,0.0,0.0,9.81052720301546e-26,0.0003790359091815,0.001069127126731,0,none
SUP-00030,"Snyder, Campos and Callahan",supplier,East,Electronics,Medium,active,0,3,3,0.0,0.0,9.81052720301546e-26,0.0003790359091815,0.0006621972853982,0,none
DST-00086,Parker Ltd,distributor,East,Chemicals,Medium,active,2,5,7,0.0001381083208775,0.1524704071011222,0.0115371270548872,0.0010530930594328,0.0007006560969634,0,none
WHS-00046,Rivera Inc,warehouse,North,Food_Beverage,Large,active,5,1,6,7.673003664987634e-06,0.1696989264838951,0.0210313494900558,0.0007593006545316,0.0005379834058871,3,none
DST-00108,Edwards Ltd,distributor,West,Food_Beverage,Small,active,11,7,18,0.0069019668616036,0.1769431733970741,0.0186915507476709,0.0017565286143522,0.0008444642538981,2,none
LOG-00087,Lee Group,logistics_provider,East,Pharmaceuticals,Large,active,0,3,3,0.0,0.0,9.81052720301546e-26,0.0003790359091815,0.0014953484827668,0,none
DST-00147,Salas-Fitzgerald,distributor,East,Automotive,Enterprise,active,0,30,30,0.0,0.0,9.81052720301546e-26,0.0003790359091815,0.0030421274734448,0,hub
SUP-00166,Medina-Navarro,supplier,North,Pharmaceuticals,Large,active,0,9,9,0.0,0.0,9.81052720301546e-26,0.0003790359091815,0.0014322697973321,3,none
RET-00069,"Walters, Davenport and Becker",retailer,East,Automotive,Medium,active,9,0,9,0.0,0.2024536959319568,0.0454065827515048,0.0015684181248299,0.0005000725896763,0,none
DST-00046,Carter Inc,distributor,South,Chemicals,Enterprise,active,8,5,13,0.0010845356579489,0.1871327442550464,0.0264833859437045,0.0015189314079041,0.0008303032704787,1,none
LOG-00075,"Price, Long and Wilson",logistics_provider,Central,Textiles,Small,active,0,5,5,0.0,0.0,9.81052720301546e-26,0.0003790359091815,0.0024068659226186,4,none
SUP-00066,Morton-Chase,supplier,Central,Textiles,Medium,active,1,5,6,2.815106355520517e-05,0.001001001001001,9.418106114894841e-24,0.0004462667738805,0.001222344699213,4,none
SUP-00142,Riggs PLC,supplier,Central,Food_Beverage,Large,active,1,4,5,0.0001944009700312,0.001001001001001,7.554105946321905e-24,0.0004712382379115,0.0013083449325407,4,none
RET-00076,"Logan, Le and Jackson",retailer,Central,Electronics,Enterprise,active,14,0,14,0.0,0.1927345246847321,0.0480412080184094,0.0017210589078868,0.0005000725896763,4,none
LOG-00078,Powers LLC,logistics_provider,East,Electronics,Medium,active,0,5,5,0.0,0.0,9.81052720301546e-26,0.0003790359091815,0.0009043642713447,0,none
WHS-00006,Wilson-Harris,warehouse,North,Chemicals,Small,active,9,3,12,0.004439745426989,0.2021419986518147,0.044140049640106,0.0016596039220392,0.0010159658755214,3,none
MFG-00032,"Turner, Ortiz and Taylor",manufacturer,Central,Textiles,Large,active,16,7,23,0.0031813089468403,0.1692339352135856,0.0337807650918583,0.0026866360957445,0.0010050709423422,4,none
WHS-00015,Mitchell and Sons,warehouse,South,Pharmaceuticals,Small,active,0,10,10,0.0,0.0,9.81052720301546e-26,0.0003790359091815,0.0013153035247789,1,none
SUP-00250,Ruiz Ltd,supplier,East,Electronics,Medium,active,0,5,5,0.0,0.0,9.81052720301546e-26,0.0003790359091815,0.0008735840338183,0,none
RET-00058,"Wheeler, Rice and Levine",retailer,West,Pharmaceuticals,Small,active,11,0,11,0.0,0.1931558224891558,0.036240192424363,0.0019144595433228,0.0005000725896763,2,none
WHS-00059,"Harrison, Franco and Rocha",warehouse,West,Textiles,Enterprise,active,12,4,16,0.0007797506832068,0.1546301963465253,0.0167324380071675,0.0013345359066216,0.0008216405755418,2,none
MFG-00006,Bruce-Gonzalez,manufacturer,Central,Automotive,Enterprise,active,15,5,20,0.0037097408059674,0.1516301247484043,0.0162259615636642,0.0017837155898025,0.0011276863423826,4,none
WHS-00085,Branch and Sons,warehouse,Central,Chemicals,Small,active,23,4,27,0.0087453546138452,0.1978870267460871,0.0527587416628499,0.002616621256691,0.0009444340948749,4,none
RET-00126,Martinez Inc,retailer,West,Pharmaceuticals,Enterprise,active,1,0,1,0.0,0.1544623007805906,0.0103451315827143,0.0004232203733317,0.0005000725896763,4,none
SUP-00050,"Harris, Collins and Carney",supplier,South,Automotive,Medium,active,0,5,5,0.0,0.0,9.81052720301546e-26,0.0003790359091815,0.0009021618381709,1,none
RET-00047,Miller Inc,retailer,East,Electronics,Medium,active,11,0,11,0.0,0.1948299165872387,0.0485944411369703,0.002028961349291,0.0005000725896763,0,none
SUP-00003,"Mcclain, Miller and Henderson",supplier,North,Chemicals,Small,active,0,2,2,0.0,0.0,9.81052720301546e-26,0.0003790359091815,0.0006948393856073,3,none
DST-00095,"Jacobson, Singleton and King",distributor,East,Textiles,Small,active,3,4,7,0.0004792593540942,0.1780114362441475,0.023665252246418,0.0012780162705979,0.0006783151041813,0,none
MFG-00051,Fernandez and Sons,manufacturer,Central,Food_Beverage,Medium,active,3,6,9,0.0001298174789204,0.0032032032032032,4.474581457295351e-22,0.0006493089831762,0.0012173060529912,4,none
RET-00055,Adkins LLC,retailer,Central,Pharmaceuticals,Medium,active,12,0,12,0.0,0.1808324274343691,0.0546817553867878,0.0018428782869199,0.0005000725896763,4,none
DST-00087,"Mendoza, Jenkins and Ortiz",distributor,West,Textiles,Large,active,6,5,11,0.0013161677918779,0.1866149809187784,0.0465450924633964,0.00181558597318,0.0009628869645515,2,none
MFG-00045,"Harper, Smith and Buchanan",manufacturer,North,Electronics,Large,active,4,5,9,0.0007698459728996,0.1498437684623871,0.0059602117988718,0.0012741180102564,0.001064397390697,3,none
RET-00145,Mayo Ltd,retailer,West,Electronics,Medium,active,7,0,7,0.0,0.2144743688279308,0.0784163856694717,0.0015273192310136,0.0005000725896763,2,none
DST-00032,Carlson-Smith,distributor,East,Electronics,Enterprise,active,1,5,6,8.104710925384955e-05,0.1394097729795129,0.0023054400821074,0.0005195938935136,0.000651342461952,0,none
DST-00126,"Cole, Pierce and Bryan",distributor,East,Pharmaceuticals,Small,active,5,4,9,0.0013780923677368,0.1739071511189474,0.0105457499922719,0.0012250618703361,0.0006971272519879,0,none
SUP-00034,Frazier Inc,supplier,South,Automotive,Medium,active,0,5,5,0.0,0.0,9.81052720301546e-26,0.0003790359091815,0.0008044418147654,1,none
SUP-00032,Carlson-Cruz,supplier,South,Chemicals,Enterprise,active,2,5,7,0.0005934920278312,0.002002002002002,1.3146106452040719e-23,0.0005605592438687,0.0011836937236002,1,none
SUP-00232,"Choi, Garcia and Farmer",supplier,East,Food_Beverage,Medium,active,0,8,8,0.0,0.0,9.81052720301546e-26,0.0003790359091815,0.0009581283733256,0,none
RET-00114,Taylor PLC,retailer,East,Automotive,Medium,active,7,0,7,0.0,0.2053878074672025,0.086069628482359,0.0016306775861019,0.0005000725896763,0,none
SUP-00193,Short-Garcia,supplier,North,Automotive,Large,active,1,3,4,1.7867654529867843e-05,0.001001001001001,3.8261056091760304e-24,0.0004130051881873,0.0006316871033179,3,none
MFG-00034,Davis PLC,manufacturer,Central,Food_Beverage,Small,active,10,4,14,0.0009039652247437,0.0116480116480116,1.9572982822736148e-21,0.0010896911826403,0.0007705122393126,4,dependent_manufacturer
SUP-00004,Davis and Sons,supplier,Central,Food_Beverage,Small,active,0,6,6,0.0,0.0,9.81052720301546e-26,0.0003790359091815,0.0009448816521183,4,none
SUP-00205,Miller Ltd,supplier,East,Automotive,Enterprise,active,0,6,6,0.0,0.0,9.81052720301546e-26,0.0003790359091815,0.0009573227501885,0,none
DST-00065,"Gregory, Kim and Martinez",distributor,East,Automotive,Large,active,10,7,17,0.0017466828264507,0.2071116454896787,0.0451134095941246,0.0018342074768651,0.0007101046312436,0,none
LOG-00050,Sheppard-Jordan,logistics_provider,Central,Chemicals,Small,active,0,1,1,0.0,0.0,9.81052720301546e-26,0.0003790359091815,0.0005930951555025,0,none
MFG-00007,Castaneda-Rodriguez,manufacturer,West,Electronics,Medium,active,5,11,16,0.0003338719640463,0.005005005005005,3.737810864348893e-23,0.0006146671974409,0.0014500905222194,2,dependent_manufacturer
SUP-00110,Johnson-Doyle,supplier,West,Textiles,Large,active,0,6,6,0.0,0.0,9.81052720301546e-26,0.0003790359091815,0.0009484805732128,2,none
MFG-00131,"Huang, Cole and Pacheco",manufacturer,West,Food_Beverage,Medium,active,16,54,70,0.0284837256457424,0.1563822742704131,0.0096944006621973,0.0018457377066929,0.0062268130416149,2,hub
SUP-00078,Yu Inc,supplier,North,Electronics,Enterprise,active,0,2,2,0.0,0.0,9.81052720301546e-26,0.0003790359091815,0.0007777331172264,3,none
SUP-00085,"Evans, Stewart and Walton",supplier,North,Pharmaceuticals,Medium,active,0,6,6,0.0,0.0,9.81052720301546e-26,0.0003790359091815,0.000956133292179,3,none
SUP-00287,"Booker, Jones and Harrington",supplier,East,Chemicals,Enterprise,active,0,8,8,0.0,0.0,9.81052720301546e-26,0.0003790359091815,0.0011541627921871,0,none
SUP-00083,Donovan-Harris,supplier,North,Food_Beverage,Small,active,1,4,5,2.828903407839057e-05,0.001001001001001,9.418106114894841e-24,0.0004328206009407,0.0008590587477921,3,none
RET-00142,Ramirez and Sons,retailer,Central,Electronics,Large,active,15,0,15,0.0,0.207178787620428,0.0947543263674892,0.0030733896669137,0.0005000725896763,4,none
LOG-00040,Fuentes Group,logistics_provider,Central,Food_Beverage,Medium,active,0,3,3,0.0,0.0,9.81052720301546e-26,0.0003790359091815,0.0007801753092775,4,none
RET-00045,Bell-Lewis,retailer,North,Electronics,Small,active,13,0,13,0.0,0.1905028933082702,0.0504296838182144,0.0027186667659812,0.0005000725896763,3,none
MFG-00099,"Brown, Harris and Dougherty",manufacturer,East,Textiles,Large,active,3,10,13,0.0003596292897697,0.0032032032032032,1.864981221293239e-22,0.0005140264397389,0.0025253554222777,0,dependent_manufacturer
MFG-00024,"Ramsey, Whitney and Coffey",manufacturer,South,Food_Beverage,Enterprise,active,21,6,27,0.0047909512507212,0.1937496038451833,0.0560120327881769,0.0022166898454126,0.0009959246908602,1,none
DST-00070,"Richardson, Edwards and Ramirez",distributor,East,Automotive,Medium,active,1,9,10,0.0001840096848688,0.147593554874556,0.0047108515022844,0.000528402306682,0.0007492820454857,0,none
RET-00067,Miller-Mccall,retailer,East,Food_Beverage,Large,active,20,0,20,0.0,0.2104726304404243,0.0731489194966372,0.0038753783918381,0.0005000725896763,0,none
RET-00073,Parker Ltd,retailer,East,Food_Beverage,Large,active,18,0,18,0.0,0.2293003520580024,0.0890684233489442,0.0041964351372216,0.0005000725896763,0,none
SUP-00006,"Gardner, Robinson and Lawrence",supplier,South,Textiles,Small,active,0,4,4,0.0,0.0,9.81052720301546e-26,0.0003790359091815,0.0009116684056743,1,none
WHS-00082,"Hernandez, Lee and Fox",warehouse,West,Chemicals,Medium,active,11,3,14,0.0001136926181459,0.0183857326714469,6.00777064858261e-21,0.0009851740531654,0.0006697045300074,2,none
DST-00016,Cole-Palmer,distributor,Central,Electronics,Large,active,2,3,5,0.0003458976060568,0.1782583021618109,0.0167398408861957,0.0006960301065023,0.0006328675391154,4,none
SUP-00098,Davis Group,supplier,Central,Pharmaceuticals,Small,active,2,5,7,0.0003141380418888,0.002002002002002,1.501010662061365e-23,0.000547724260608,0.0008135550226166,4,none
SUP-00267,Valentine-Holland,supplier,Central,Food_Beverage,Medium,active,0,7,7,0.0,0.0,9.81052720301546e-26,0.0003790359091815,0.0012830335362431,4,none
MFG-00058,"Williams, Logan and Camacho",manufacturer,East,Food_Beverage,Large,active,11,5,16,0.0012498049247985,0.1467919605507295,0.0079609880488371,0.0010229449386862,0.0011212471449277,0,dependent_manufacturer
RET-00019,Flynn Group,retailer,North,Chemicals,Small,active,11,0,11,0.0,0.1883795730840922,0.0342068805755842,0.0016708194231862,0.0005000725896763,3,none
LOG-00049,"Terrell, Byrd and Ross",logistics_provider,Central,Electronics,Enterprise,active,0,4,4,0.0,0.0,9.81052720301546e-26,0.0003790359091815,0.0029521206465052,4,none
MFG-00081,"Richardson, Farmer and Andrews",manufacturer,Central,Electronics,Enterprise,active,7,4,11,0.0012252168429511,0.1494295493374046,0.0038597074822259,0.0007052623428415,0.0009638050547603,4,dependent_manufacturer
DST-00182,"Mcdonald, Lee and Rodriguez",distributor,East,Food_Beverage,Enterprise,active,3,6,9,0.0003603839763554,0.14949842675125,0.0052986050606331,0.0012966886497138,0.000638351347548,0,none
MFG-00082,Bruce-Villegas,manufacturer,East,Chemicals,Large,active,13,9,22,0.0038286399030329,0.1294241168542844,0.0025347729587086,0.0012607906938892,0.0013433314203836,0,none
DST-00041,"Fuller, Ingram and Moss",distributor,Central,Textiles,Medium,active,3,5,8,0.0004730965762505,0.1602874750520794,0.0224295360737939,0.0006807030950547,0.0006882465717469,4,none
SUP-00119,May-Ross,supplier,East,Electronics,Small,active,0,3,3,0.0,0.0,9.81052720301546e-26,0.0003790359091815,0.0008636865192646,0,none
RET-00051,Wright PLC,retailer,East,Textiles,Small,active,19,0,19,0.0,0.2107902625920643,0.0742707931642386,0.0032838478853661,0.0005000725896763,0,none
SUP-00251,Moon-White,supplier,South,Pharmaceuticals,Enterprise,active,1,6,7,0.0002459684625185,0.001001001001001,9.418106114894841e-24,0.000463959106696,0.0010619454796136,1,none
DST-00074,"Griffin, Davies and Mitchell",distributor,East,Textiles,Enterprise,active,3,7,10,0.0002683781098059,0.154335872870253,0.0065502159563424,0.0007810180273497,0.0007335862630759,0,none
SUP-00010,Abbott-Munoz,supplier,East,Automotive,Medium,active,0,7,7,0.0,0.0,9.81052720301546e-26,0.0003790359091815,0.0010459029783496,0,none
SUP-00197,Marshall-Petersen,supplier,West,Automotive,Enterprise,active,0,8,8,0.0,0.0,9.81052720301546e-26,0.0003790359091815,0.0018638960461085,2,none
DST-00154,Lee-Wright,distributor,East,Textiles,Medium,active,3,2,5,5.9262580792568914e-05,0.1633885141422829,0.0166062216055326,0.0009770845150733,0.0005777216356489,0,none
SUP-00082,Sandoval-Cunningham,supplier,East,Food_Beverage,Medium,active,0,9,9,0.0,0.0,9.81052720301546e-26,0.0003790359091815,0.0012607223211111,0,none
LOG-00034,Bennett-Velasquez,logistics_provider,West,Electronics,Large,active,0,3,3,0.0,0.0,9.81052720301546e-26,0.0003790359091815,0.0008690775148071,2,none
DST-00138,Robles-Swanson,distributor,East,Automotive,Small,active,3,8,11,0.0010271327504864,0.1493951344250745,0.0051413453581736,0.0009867129419222,0.0008637277611911,0,none
LOG-00048,"Ortega, Jackson and Salazar",logistics_provider,South,Electronics,Small,active,0,5,5,0.0,0.0,9.81052720301546e-26,0.0003790359091815,0.0016592967858455,1,none
SUP-00240,"Walker, Hernandez and Baker",supplier,West,Textiles,Medium,active,0,3,3,0.0,0.0,9.81052720301546e-26,0.0003790359091815,0.0008076951144911,2,none
SUP-00291,Brennan-Johnson,supplier,Central,Automotive,Small,active,0,6,6,0.0,0.0,9.81052720301546e-26,0.0003790359091815,0.0013969793972569,4,none
SUP-00212,King-Martinez,supplier,South,Pharmaceuticals,Enterprise,active,0,7,7,0.0,0.0,9.81052720301546e-26,0.0003790359091815,0.0013868078475186,1,none
WHS-00068,Jackson-Cortez,warehouse,East,Electronics,Enterprise,active,12,5,17,0.0065064657428514,0.2037931742612861,0.0755917839108481,0.0012970076886172,0.0013084743283879,0,none
MFG-00060,Boone-Simmons,manufacturer,North,Pharmaceuticals,Enterprise,active,3,5,8,0.0001423164377638,0.0032032032032032,2.219141253322096e-22,0.0005411574086887,0.0019218211593919,3,none
MFG-00150,Jones Inc,manufacturer,Central,Chemicals,Large,active,4,7,11,0.0007196080990453,0.0049049049049049,6.245381617439643e-22,0.0006263449552415,0.0012252444134395,4,none
SUP-00228,"Duran, Obrien and Gibbs",supplier,West,Pharmaceuticals,Large,active,0,9,9,0.0,0.0,9.81052720301546e-26,0.0003790359091815,0.0013690676004725,2,none
RET-00101,"Franco, Wiley and Tapia",retailer,East,Electronics,Large,active,15,0,15,0.0,0.2010178541168365,0.071737656592017,0.0026898072372112,0.0005000725896763,0,none
RET-00097,Vargas-Snyder,retailer,East,Automotive,Large,active,5,0,5,0.0,0.1891512351714956,0.040459697743005,0.000730277094742,0.0005000725896763,0,none
LOG-00047,Rodriguez and Sons,logistics_provider,Central,Electronics,Medium,active,0,1,1,0.0,0.0,9.81052720301546e-26,0.0003790359091815,0.0005854154304501,4,none
DST-00052,Paul-Kline,distributor,East,Textiles,Small,active,0,6,6,0.0,0.0,9.81052720301546e-26,0.0003790359091815,0.0008841399703424,0,none
DST-00015,"Rosales, Mitchell and Hines",distributor,West,Automotive,Medium,active,6,6,12,0.0005350146478765,0.14949842675125,0.004244775874235,0.0008827353249627,0.0008448167911262,2,none
MFG-00063,"Hernandez, Martinez and Weber",manufacturer,East,Electronics,Small,active,8,5,13,0.0024987682715748,0.1471248976352174,0.0055256467026484,0.0009863852357186,0.0010807766222649,0,none
DST-00019,Brown-Shaw,distributor,North,Pharmaceuticals,Enterprise,active,9,39,48,0.0071338965470456,0.1464936029073337,0.0110166711846414,0.0014320616252162,0.0024862957811873,3,bridge
RET-00086,Mora-White,retailer,North,Pharmaceuticals,Large,active,8,0,8,0.0,0.1838005331504483,0.0205921117068509,0.001433511519102,0.0005000725896763,3,none
MFG-00129,Gilbert PLC,manufacturer,North,Chemicals,Small,active,7,3,10,0.0016432470394253,0.1590666193412638,0.0448590721475879,0.0008885501065668,0.0008760931742177,3,none
SUP-00008,"Henderson, Ramirez and Lewis",supplier,South,Food_Beverage,Large,active,0,3,3,0.0,0.0,9.81052720301546e-26,0.0003790359091815,0.0008432479696436,1,none
SUP-00156,Hill Inc,supplier,Central,Pharmaceuticals,Medium,active,0,5,5,0.0,0.0,9.81052720301546e-26,0.0003790359091815,0.0012454792275422,4,none
DST-00092,"Bartlett, Brown and Martinez",distributor,Central,Textiles,Enterprise,active,5,5,10,0.0003597416313265,0.1694549826733735,0.0109178885978344,0.0012029302016537,0.0006769280876439,4,none
MFG-00141,"Marks, Cook and Aguilar",manufacturer,North,Food_Beverage,Large,active,6,51,57,0.0104625216521051,0.1506791344189718,0.0053875070346757,0.0010642842551972,0.0053026940463202,3,hub
DST-00033,"Andrews, Higgins and Carter",distributor,North,Automotive,Medium,active,1,4,5,0.0002542050702096,0.1522205726325576,0.0103231386330593,0.0006187951638499,0.0006692598137754,3,none
MFG-00123,"Downs, Morris and Maddox",manufacturer,West,Chemicals,Enterprise,active,8,5,13,0.0004777917086264,0.0081081081081081,2.144581246579181e-22,0.0009089004736659,0.0008940002636153,2,none
LOG-00029,Alexander-Jordan,logistics_provider,North,Food_Beverage,Large,active,0,7,7,0.0,0.0,9.81052720301546e-26,0.0003790359091815,0.0008822738789097,3,none
RET-00100,Hall LLC,retailer,West,Chemicals,Enterprise,active,14,0,14,0.0,0.2162909425683148,0.079821243832132,0.0023852532830363,0.0005000725896763,2,none
MFG-00035,Price LLC,manufacturer,South,Food_Beverage,Medium,active,15,6,21,0.001144305289769,0.1113985357502445,0.0006916704152227,0.0017256433386711,0.0008146865858399,1,none
DST-00127,"Becker, Wilson and Hester",distributor,Central,Chemicals,Large,active,6,7,13,0.0004507894974268,0.1697210030543364,0.0229247454845888,0.0008043065329084,0.0007056198905244,4,none
RET-00085,Williams LLC,retailer,Central,Textiles,Small,active,7,0,7,0.0,0.1979861396603614,0.0332343689260152,0.0012557117890447,0.0005000725896763,4,none
DST-00118,Landry PLC,distributor,North,Textiles,Large,active,7,3,10,0.0028759944766158,0.1842822936572936,0.0245552902337415,0.0013876481492539,0.0006816679461775,3,none
DST-00145,Hernandez-Vaughn,distributor,Central,Automotive,Large,active,3,7,10,0.000932067522098,0.1285265848372644,0.0007080071345202,0.0006838174762462,0.0008962979593275,4,none
DST-00081,Hicks-Martinez,distributor,East,Electronics,Small,active,2,6,8,0.0003301767905959,0.1611614092407153,0.0063598531764821,0.0006195995832412,0.0007522899075628,0,none
DST-00132,"Barry, Taylor and Velazquez",distributor,West,Electronics,Large,active,7,5,12,0.0005741787468836,0.1868638753696225,0.0268055215128704,0.0012798128493844,0.0007134570082188,2,none
WHS-00058,Owens-Lang,warehouse,Central,Pharmaceuticals,Large,active,16,5,21,0.010551249248038,0.1967466404833708,0.04207600176707,0.0019496462648639,0.0012931788994212,4,none
MFG-00149,Lee-Cooke,manufacturer,West,Textiles,Small,active,6,4,10,0.0005326817158553,0.1735813951494979,0.0207923586887625,0.0008198981015878,0.00074089043585,2,none
DST-00004,White Ltd,distributor,Central,Chemicals,Enterprise,active,2,6,8,0.0004547583231933,0.150644141587012,0.0194711538763971,0.0013533641641242,0.000828045276499,4,none
SUP-00229,Rowe Group,supplier,Central,Textiles,Enterprise,active,1,7,8,0.0002113817544195,0.001001001001001,5.6901057777489665e-24,0.000475848354348,0.0011325216187905,4,none
MFG-00053,Smith and Sons,manufacturer,South,Food_Beverage,Large,active,12,5,17,0.0007001849533757,0.0135135135135135,1.405554232376025e-21,0.0013964300811521,0.0008856242452707,1,none
WHS-00079,Nichols-Mitchell,warehouse,North,Chemicals,Medium,active,19,2,21,0.0011985001812193,0.2232955847413679,0.0759826095212644,0.0020538744621637,0.0006371315777082,3,none
SUP-00213,Stewart Ltd,supplier,North,Textiles,Medium,active,0,6,6,0.0,0.0,9.81052720301546e-26,0.0003790359091815,0.000860962331286,3,none
SUP-00080,"Hensley, Powell and David",supplier,South,Pharmaceuticals,Enterprise,active,0,8,8,0.0,0.0,9.81052720301546e-26,0.0003790359091815,0.0019322210739767,1,none
SUP-00149,Bryant Group,supplier,East,Electronics,Enterprise,active,0,3,3,0.0,0.0,9.81052720301546e-26,0.0003790359091815,0.0007899883791465,0,none
MFG-00003,Santana-Byrd,manufacturer,East,Electronics,Enterprise,active,7,5,12,0.0043338108785279,0.1600872837299293,0.0299060480983919,0.0009228187321818,0.0014429024457316,0,none
DST-00179,"Morrison, Hebert and Rogers",distributor,East,Textiles,Large,active,7,8,15,0.0030119038181374,0.1906181820962896,0.0380696831262109,0.0024655659130519,0.000791773009405,0,none
LOG-00028,Cook-Oliver,logistics_provider,Central,Food_Beverage,Large,active,0,3,3,0.0,0.0,9.81052720301546e-26,0.0003790359091815,0.0009858293012055,4,none
DST-00057,"Carter, Garcia and Murphy",distributor,West,Textiles,Small,active,1,2,3,1.0865909329503182e-05,0.0042709376042709,1.5658582468732977e-21,0.0004450596584591,0.000675574394855,2,none
MFG-00043,Lopez-Martinez,manufacturer,West,Electronics,Small,active,7,5,12,0.000172112939314,0.007007007007007,4.856210965492654e-23,0.0008662459026883,0.0007414859840851,2,none
DST-00036,Jones-Fox,distributor,South,Food_Beverage,Enterprise,active,1,5,6,0.0002624718663883,0.1128717023966719,0.0003573281701631,0.0005225576166541,0.0007622690795369,1,none
WHS-00062,Tran-Silva,warehouse,East,Textiles,Enterprise,active,7,2,9,0.0017553635738739,0.1596931742180388,0.0075741765350065,0.0008151654250437,0.0006150544356913,0,none
SUP-00134,"Carroll, Sullivan and Bass",supplier,East,Food_Beverage,Medium,active,0,6,6,0.0,0.0,9.81052720301546e-26,0.0003790359091815,0.0009365743620496,0,none
WHS-00054,Dominguez Ltd,warehouse,East,Food_Beverage,Medium,active,10,7,17,0.0047552842250089,0.1791916225617883,0.0210248575775967,0.0015637783719722,0.0011955039032245,0,none
MFG-00012,Parsons-Hall,manufacturer,Central,Food_Beverage,Small,active,10,8,18,0.0022674300486331,0.0100934267600934,2.778341303893979e-22,0.0011389581096778,0.0019813236525129,4,none
WHS-00073,Kirby and Sons,warehouse,South,Pharmaceuticals,Large,active,18,5,23,0.002297561360904,0.1738605397141982,0.029050213212864,0.0019308235668769,0.0011952119483556,1,none
DST-00180,Hays-Daniels,distributor,West,Textiles,Medium,active,11,5,16,0.0032912335467134,0.1914621232803051,0.0471358797362322,0.0022660689849269,0.0014614768767101,2,none
SUP-00001,"Rodriguez, Figueroa and Sanchez",supplier,North,Electronics,Large,active,0,5,5,0.0,0.0,9.81052720301546e-26,0.0003790359091815,0.0009384374126285,3,none
MFG-00017,"Diaz, Anderson and Browning",manufacturer,West,Food_Beverage,Enterprise,active,7,7,14,0.0001320091194284,0.007007007007007,4.483410931778066e-23,0.0008698212214838,0.0008453407968838,2,none
WHS-00057,"Howard, Green and Hunt",warehouse,North,Chemicals,Medium,active,6,2,8,0.0011887958553213,0.1668828591905515,0.0303693567444753,0.001081219680509,0.0007552708323693,3,none
DST-00098,"Moore, Hopkins and Le",distributor,West,Textiles,Medium,active,4,4,8,0.002853705643276,0.1861864734999063,0.0435649400265118,0.0016992313611014,0.0007847599967524,2,none
RET-00023,Kramer-Shannon,retailer,South,Pharmaceuticals,Enterprise,active,7,0,7,0.0,0.1913416204581452,0.0439409411055047,0.0012977980021987,0.0005000725896763,1,none
DST-00083,Johnson-Spencer,distributor,Central,Food_Beverage,Medium,active,3,4,7,0.001966822392446,0.1798374476500343,0.0193228926511053,0.0007835961802973,0.0008307483235803,4,none
DST-00028,"Bentley, Lynch and Henderson",distributor,North,Food_Beverage,Small,active,4,7,11,0.0010470911236451,0.1821605373978303,0.0388647543205979,0.0014676452484013,0.0008518411116678,3,none
MFG-00105,Graham Group,manufacturer,Central,Pharmaceuticals,Small,active,6,4,10,0.0003553640546149,0.0064064064064064,7.8670617640980975e-22,0.0009054763514248,0.000809421308728,4,none
SUP-00173,White-Green,supplier,North,Food_Beverage,Medium,active,1,6,7,0.0004016535307377,0.001001001001001,7.554105946321905e-24,0.0004597129468203,0.0014509818592538,3,none
SUP-00126,Smith-Frost,supplier,Central,Textiles,Medium,active,1,4,5,0.0002123579376123,0.001001001001001,3.8261056091760304e-24,0.0004286833169592,0.0016967686615501,4,none
MFG-00095,"Ramos, Nelson and Fischer",manufacturer,West,Textiles,Enterprise,active,7,8,15,0.0011383379472392,0.007007007007007,5.788211049779121e-23,0.0009593194274597,0.0018352575447816,2,none
MFG-00121,Marshall-Elliott,manufacturer,North,Food_Beverage,Enterprise,active,7,6,13,0.0019977740934958,0.0071182293404515,1.8836212229789705e-22,0.0011570571620785,0.0010478381922106,3,none
DST-00103,May-Turner,distributor,West,Electronics,Large,active,5,4,9,0.0001641747160562,0.1496975797159959,0.0099934047219202,0.0009435920339155,0.0007373645701934,2,none
RET-00054,Harris-Lawson,retailer,West,Food_Beverage,Small,active,4,0,4,0.0,0.1765163643556694,0.0299803494910496,0.0017987074530539,0.0005000725896763,2,none
SUP-00091,"Turner, Riggs and Roman",supplier,South,Pharmaceuticals,Large,active,0,5,5,0.0,0.0,9.81052720301546e-26,0.0003790359091815,0.0011018023570012,1,none
RET-00090,Shaw Inc,retailer,North,Electronics,Large,active,15,0,15,0.0,0.1896163178885692,0.0477981820463846,0.0023850495253804,0.0005000725896763,3,none
SUP-00182,"Gould, Marshall and Scott",supplier,Central,Food_Beverage,Medium,active,0,7,7,0.0,0.0,9.81052720301546e-26,0.0003790359091815,0.0014226914827414,4,none
SUP-00275,Monroe-Carpenter,supplier,Central,Electronics,Medium,active,0,3,3,0.0,0.0,9.81052720301546e-26,0.0003790359091815,0.0006986415852218,4,none
RET-00046,"Hernandez, Jenkins and Parks",retailer,East,Food_Beverage,Large,active,14,0,14,0.0,0.2089250375695388,0.0570323713649448,0.0017854206666196,0.0005000725896763,0,none
SUP-00070,Hancock Inc,supplier,East,Electronics,Medium,active,0,9,9,0.0,0.0,9.81052720301546e-26,0.0003790359091815,0.0012044711926122,0,none
SUP-00292,Young Ltd,supplier,North,Pharmaceuticals,Small,active,0,7,7,0.0,0.0,9.81052720301546e-26,0.0003790359091815,0.0011483193048375,3,none
SUP-00132,Spencer-Lee,supplier,South,Pharmaceuticals,Medium,active,0,5,5,0.0,0.0,9.81052720301546e-26,0.0003790359091815,0.0009597899606956,1,none
MFG-00001,"Thomas, Murray and King",manufacturer,Central,Electronics,Enterprise,active,6,9,15,0.0002342205500974,0.006006006006006,5.22901099920724e-23,0.0007793476864175,0.0011387529714629,4,none
MFG-00125,Welch-Hogan,manufacturer,Central,Pharmaceuticals,Small,active,10,10,20,0.0079477932314511,0.1927707796949996,0.0658943337762044,0.0011415456905008,0.0016910054391233,4,none
MFG-00027,Richards-Carson,manufacturer,South,Textiles,Enterprise,active,2,4,6,0.0003492026130784,0.002002002002002,1.5010106620613657e-23,0.0004817157752672,0.0009818382502585,1,none
SUP-00145,Hernandez Ltd,supplier,North,Electronics,Enterprise,active,0,6,6,0.0,0.0,9.81052720301546e-26,0.0003790359091815,0.0008958691684507,3,none
MFG-00124,Hernandez-Jones,manufacturer,North,Electronics,Large,active,3,8,11,7.930853568014531e-05,0.003003003003003,1.687410678918659e-23,0.0004794451015368,0.0015310871373819,3,none
DST-00131,"Cook, Wells and Bryant",distributor,South,Pharmaceuticals,Small,active,0,7,7,0.0,0.0,9.81052720301546e-26,0.0003790359091815,0.0008814847589589,1,none
SUP-00136,"Lawson, Morris and Ramos",supplier,West,Electronics,Enterprise,active,0,6,6,0.0,0.0,9.81052720301546e-26,0.0003790359091815,0.001575531831386,2,none
DST-00001,"Wise, Conley and Stephenson",distributor,North,Pharmaceuticals,Large,active,7,5,12,0.002246976922406,0.2029642283084085,0.0411284915671121,0.0022090060938708,0.0007196724251162,3,none
SUP-00165,Castaneda-Ashley,supplier,East,Textiles,Large,active,0,8,8,0.0,0.0,9.81052720301546e-26,0.0003790359091815,0.0013255011704418,0,none
SUP-00029,"Ross, Robinson and Bright",supplier,North,Automotive,Enterprise,active,1,8,9,4.582284698071828e-05,0.001001001001001,9.418106114894841e-24,0.0005031544286257,0.0012463359144628,3,none
LOG-00024,Fisher-Washington,logistics_provider,Central,Food_Beverage,Small,active,0,2,2,0.0,0.0,9.81052720301546e-26,0.0003790359091815,0.000564119098639,4,none
SUP-00194,Reid-Poole,supplier,West,Food_Beverage,Medium,active,0,9,9,0.0,0.0,9.81052720301546e-26,0.0003790359091815,0.0018685190212225,2,none
MFG-00089,Bennett Group,manufacturer,North,Electronics,Large,active,13,5,18,0.0031450080829249,0.2039213057760684,0.0603100956700312,0.0011783277463457,0.001060545801389,3,none
RET-00003,Martin-Taylor,retailer,North,Pharmaceuticals,Enterprise,active,14,0,14,0.0,0.2173003003003003,0.0928210885621061,0.0030616646683782,0.0005000725896763,3,none
SUP-00170,Hooper PLC,supplier,West,Food_Beverage,Medium,active,0,4,4,0.0,0.0,9.81052720301546e-26,0.0003790359091815,0.0009430629645274,2,none
WHS-00056,"Morris, Campbell and Owens",warehouse,West,Textiles,Enterprise,active,24,3,27,0.0047199075943599,0.2232955847413679,0.1208638089130201,0.0038412070110214,0.0009610158764796,2,none
SUP-00141,Hernandez Inc,supplier,North,Automotive,Large,active,0,2,2,0.0,0.0,9.81052720301546e-26,0.0003790359091815,0.0006453220185233,3,none
SUP-00174,Lewis-Murphy,supplier,South,Chemicals,Enterprise,active,0,9,9,0.0,0.0,9.81052720301546e-26,0.0003790359091815,0.0012464571053069,1,none
SUP-00007,Blake and Sons,supplier,Central,Pharmaceuticals,Enterprise,active,0,6,6,0.0,0.0,9.81052720301546e-26,0.0003790359091815,0.0012341919936409,4,none
WHS-00096,White LLC,warehouse,East,Chemicals,Medium,active,23,1,24,0.0055924927216992,0.2158647832524704,0.0568324665969352,0.0026987994989607,0.0005846687947718,0,none
DST-00029,Young-Martinez,distributor,West,Electronics,Enterprise,active,3,11,14,0.0052298845210621,0.1705240992833001,0.0147176698872667,0.0011157834704936,0.0013094857432515,2,none
SUP-00074,"Stanley, Tucker and Lee",supplier,South,Food_Beverage,Enterprise,active,0,7,7,0.0,0.0,9.81052720301546e-26,0.0003790359091815,0.0015504822573568,1,none
RET-00061,Best-Townsend,retailer,North,Automotive,Large,active,5,0,5,0.0,0.2035324839706686,0.0407351488549517,0.0009693396499747,0.0005000725896763,3,none
LOG-00064,"Thompson, Moore and Castro",logistics_provider,West,Pharmaceuticals,Large,active,0,2,2,0.0,0.0,9.81052720301546e-26,0.0003790359091815,0.0006098166985123,2,none
SUP-00239,"Guerrero, Peck and Coleman",supplier,North,Pharmaceuticals,Enterprise,active,0,4,4,0.0,0.0,9.81052720301546e-26,0.0003790359091815,0.0008976737001831,3,none
SUP-00146,Stafford Inc,supplier,East,Chemicals,Large,active,0,6,6,0.0,0.0,9.81052720301546e-26,0.0003790359091815,0.00088267370614,0,none
LOG-00043,Ewing-Mendoza,logistics_provider,Central,Food_Beverage,Medium,active,0,6,6,0.0,0.0,9.81052720301546e-26,0.0003790359091815,0.0020711999745654,4,none
SUP-00235,Ortiz Ltd,supplier,East,Pharmaceuticals,Enterprise,active,0,3,3,0.0,0.0,9.81052720301546e-26,0.0003790359091815,0.0007432404879928,0,none
SUP-00221,Garcia-Smith,supplier,North,Chemicals,Large,active,0,5,5,0.0,0.0,9.81052720301546e-26,0.0003790359091815,0.0013751653365406,3,none
RET-00074,"Yang, Wilson and Zimmerman",retailer,West,Automotive,Small,active,5,0,5,0.0,0.1887926153781931,0.0415718959711186,0.0009629436142164,0.0005000725896763,3,none
DST-00051,"Rivera, Martinez and Richardson",distributor,East,Automotive,Small,active,1,8,9,0.0003759395624055,0.144857899435836,0.001697910349694,0.0003905733588011,0.0009420061730426,0,none
SUP-00133,"Bentley, Byrd and Orr",supplier,West,Electronics,Medium,active,0,8,8,0.0,0.0,9.81052720301546e-26,0.0003790359091815,0.0015756948976659,2,none
RET-00141,Andrade-Mendoza,retailer,Central,Textiles,Small,active,18,0,18,0.0,0.2257154759758022,0.1165108549919419,0.0027165440121914,0.0005000725896763,4,none
LOG-00025,Ward and Sons,logistics_provider,Central,Food_Beverage,Small,active,0,3,3,0.0,0.0,9.81052720301546e-26,0.0003790359091815,0.0015838358953588,4,none
SUP-00186,Johnston-Odonnell,supplier,South,Pharmaceuticals,Medium,active,0,5,5,0.0,0.0,9.81052720301546e-26,0.0003790359091815,0.0008973401484816,1,none
SUP-00042,George Group,supplier,West,Textiles,Enterprise,active,0,4,4,0.0,0.0,9.81052720301546e-26,0.0003790359091815,0.0009719152948399,2,none
WHS-00047,Boone-Davis,warehouse,North,Textiles,Enterprise,active,4,6,10,0.0017120868089484,0.1435754036462314,0.0047490068062564,0.0006869708976151,0.0011935201891161,3,none
SUP-00109,Hancock and Sons,supplier,East,Automotive,Medium,active,0,5,5,0.0,0.0,9.81052720301546e-26,0.0003790359091815,0.0008689289122261,0,none
DST-00139,"Soto, Carlson and Baker",distributor,East,Food_Beverage,Enterprise,active,0,7,7,0.0,0.0,9.81052720301546e-26,0.0003790359091815,0.0007343327708338,0,none
SUP-00057,"Washington, Ryan and Cummings",supplier,North,Textiles,Medium,active,0,3,3,0.0,0.0,9.81052720301546e-26,0.0003790359091815,0.0010198306680568,3,none
MFG-00106,Atkins PLC,manufacturer,Central,Pharmaceuticals,Medium,active,10,8,18,0.0045366169089889,0.1558936971097509,0.0184391207650118,0.0018871773456606,0.0012174805464623,4,none
MFG-00143,"Hale, Myers and Larson",manufacturer,East,Textiles,Large,active,7,9,16,0.0034763861100726,0.1609612093483061,0.0105997552941369,0.0010893197948986,0.0015972264709218,0,none
LOG-00008,Lopez-Willis,logistics_provider,South,Electronics,Small,active,0,4,4,0.0,0.0,9.81052720301546e-26,0.0003790359091815,0.0009397205130158,1,none
RET-00148,Nelson-Johnson,retailer,West,Electronics,Medium,active,9,0,9,0.0,0.2127204076827891,0.0552848015027772,0.0012331334759463,0.0005000725896763,2,none
SUP-00025,"Walter, Edwards and Rios",supplier,Central,Chemicals,Medium,active,0,6,6,0.0,0.0,9.81052720301546e-26,0.0003790359091815,0.0016256585145175,4,none
DST-00018,Wilkerson-Arias,distributor,Central,Food_Beverage,Large,active,6,7,13,0.0027107678633527,0.1769431733970741,0.0231954324720386,0.0013910933738538,0.0007559088783882,4,none
DST-00090,Humphrey PLC,distributor,East,Chemicals,Enterprise,active,8,6,14,0.0009045058589413,0.1966273639507953,0.0348866990936272,0.0023117617127511,0.000769290570096,0,none
DST-00082,Conner and Sons,distributor,East,Textiles,Medium,active,4,8,12,0.0026475137004201,0.1739071511189474,0.0220453101127232,0.0013128298474389,0.0009994229840324,0,none
DST-00169,Smith PLC,distributor,West,Pharmaceuticals,Small,active,2,10,12,0.0012420929764604,0.0075369487134193,4.2409829940643496e-20,0.0006760698227144,0.0010109388437171,2,none
WHS-00045,Price LLC,warehouse,North,Automotive,Large,active,13,5,18,0.003210425170138,0.1843346614588444,0.0416394465223024,0.0021251005792239,0.0009752450358722,3,none
RET-00077,Brady LLC,retailer,South,Food_Beverage,Large,active,5,0,5,0.0,0.1863284487926322,0.0740796727338509,0.0017154067351125,0.0005000725896763,1,none
MFG-00039,Crosby-Ramirez,manufacturer,East,Chemicals,Enterprise,active,4,4,8,0.0004867762642818,0.1528088748347876,0.0091079217653804,0.0015397942382087,0.0008309198934585,0,none
SUP-00052,Walker LLC,supplier,Central,Automotive,Enterprise,active,0,6,6,0.0,0.0,9.81052720301546e-26,0.0003790359091815,0.0012271231159994,4,none
DST-00058,Parker-Morrison,distributor,West,Textiles,Medium,active,5,6,11,0.0019235199226531,0.161482119410922,0.0217780800295255,0.0010411999373122,0.000888424612267,2,none
DST-00067,Reyes-Bradley,distributor,Central,Electronics,Large,active,0,9,9,0.0,0.0,9.81052720301546e-26,0.0003790359091815,0.000809550064235,4,none
RET-00071,"Ashley, Allen and Sanchez",retailer,West,Automotive,Large,active,6,0,6,0.0,0.1989251411092953,0.0742718033390383,0.0014701294827823,0.0005000725896763,2,none
LOG-00032,Carter-Neal,logistics_provider,West,Automotive,Small,active,0,3,3,0.0,0.0,9.81052720301546e-26,0.0003790359091815,0.0005818622408595,2,none
SUP-00265,Tran Inc,supplier,South,Pharmaceuticals,Large,active,0,8,8,0.0,0.0,9.81052720301546e-26,0.0003790359091815,0.0013103472097145,1,none
LOG-00068,Cole Group,logistics_provider,Central,Food_Beverage,Enterprise,active,0,0,0,0.0,0.0,9.81052720301546e-26,0.0003790359091815,0.0005000725896763,6,none
WHS-00061,Figueroa Inc,warehouse,Central,Automotive,Large,active,17,3,20,0.002554328258866,0.1884583595798006,0.0649181251471748,0.0018726668216106,0.0008951171973911,4,none
WHS-00033,"Holder, Young and Hendricks",warehouse,Central,Automotive,Small,active,29,2,31,0.0075595522350431,0.2080415887343405,0.0580726177426718,0.0028921454757521,0.0006718173716933,4,none
LOG-00083,"Ellison, Arias and Thompson",logistics_provider,Central,Chemicals,Large,active,0,3,3,0.0,0.0,9.81052720301546e-26,0.0003790359091815,0.0016582266602024,4,none
DST-00069,Hines-Berry,distributor,Central,Chemicals,Enterprise,active,6,8,14,0.0058012541760638,0.1974653496723512,0.0435725210636119,0.0023958857646451,0.001022235378582,4,none
MFG-00148,Bean LLC,manufacturer,East,Textiles,Medium,active,17,6,23,0.0017894950264671,0.1751751751751751,0.008316943475505,0.0015269620927337,0.0009098131811052,0,none
SUP-00019,"Adams, Zuniga and Wong",supplier,East,Electronics,Medium,active,0,4,4,0.0,0.0,9.81052720301546e-26,0.0003790359091815,0.000678043770181,0,none
WHS-00066,Levy-May,warehouse,West,Automotive,Enterprise,active,19,6,25,0.0027770139008251,0.1894490869374047,0.0259077464065571,0.0019764392915355,0.0010000585473749,2,none
DST-00034,Mendez and Sons,distributor,Central,Food_Beverage,Large,active,5,10,15,0.0017164735762419,0.1804879448173827,0.0338478648590616,0.0007850030665425,0.0008407994741097,4,none
DST-00119,Levy-Lewis,distributor,South,Textiles,Enterprise,active,7,6,13,0.0012497101137031,0.1571018827013014,0.0103333809061046,0.0011128075300633,0.0008534496166326,1,none
MFG-00134,"Miller, Lucas and Williams",manufacturer,East,Food_Beverage,Large,active,19,5,24,0.0060170592936604,0.1885679283935098,0.0333995256164959,0.0016853206001606,0.0009234482434563,0,dependent_manufacturer
MFG-00068,Gutierrez Group,manufacturer,North,Chemicals,Small,active,11,5,16,0.0004628193815815,0.1508192684663273,0.0054718759098592,0.0011566418095237,0.0008150170706041,3,none
SUP-00084,"Edwards, Baker and Anderson",supplier,North,Chemicals,Small,active,0,5,5,0.0,0.0,9.81052720301546e-26,0.0003790359091815,0.000786113165229,3,none
SUP-00062,Powell LLC,supplier,East,Food_Beverage,Large,active,0,4,4,0.0,0.0,9.81052720301546e-26,0.0003790359091815,0.0011916753952555,0,none
DST-00189,Holden Group,distributor,North,Textiles,Medium,active,1,4,5,0.0002951278840074,0.1231814799987986,0.0009088985606123,0.0005162850938326,0.0006492248627118,3,none
SUP-00273,Morgan-French,supplier,East,Chemicals,Small,active,0,5,5,0.0,0.0,9.81052720301546e-26,0.0003790359091815,0.0007667069579226,0,none
SUP-00286,Bowen Group,supplier,West,Electronics,Enterprise,active,0,5,5,0.0,0.0,9.81052720301546e-26,0.0003790359091815,0.0010872658522229,2,none
MFG-00061,Henry Group,manufacturer,Central,Automotive,Large,active,0,2,2,0.0,0.0,9.81052720301546e-26,0.0003790359091815,0.000724383133211,4,none
MFG-00055,"Fisher, Wilson and Brown",manufacturer,West,Automotive,Medium,active,15,6,21,0.0021047457152961,0.1724737233910326,0.0078393816544776,0.0019738229863428,0.000826407333571,2,none
DST-00007,Bishop-Goodwin,distributor,West,Food_Beverage,Enterprise,active,8,4,12,0.0005482549440811,0.1841649069063399,0.0173530883762934,0.0015630489665307,0.0006613724189938,2,none
SUP-00279,Pollard and Sons,supplier,East,Chemicals,Enterprise,active,0,3,3,0.0,0.0,9.81052720301546e-26,0.0003790359091815,0.000934810801109,0,none
SUP-00013,Arnold Ltd,supplier,East,Automotive,Large,active,1,4,5,0.0004159532854854,0.001001001001001,3.8261056091760304e-24,0.0004597129468203,0.0010071982112881,0,none
SUP-00183,Jackson-Lawson,supplier,East,Food_Beverage,Small,active,0,5,5,0.0,0.0,9.81052720301546e-26,0.0003790359091815,0.0008048074160773,0,none
MFG-00069,Perry-Davis,manufacturer,East,Food_Beverage,Small,active,9,6,15,0.0018925786400756,0.0091000091000091,1.6040211976930283e-22,0.0009003930629311,0.0009954868797414,0,none
RET-00032,Williams Ltd,retailer,North,Textiles,Large,active,11,0,11,0.0,0.2050082869755001,0.061399670072082,0.0022566088116314,0.0005000725896763,3,none
DST-00166,Sanchez Ltd,distributor,Central,Electronics,Large,active,6,6,12,4.8454802407151554e-05,0.0111222333444555,1.1135635112326756e-20,0.0007488926312434,0.0006594985130487,4,none
SUP-00224,Wilson-Jones,supplier,East,Electronics,Large,active,0,6,6,0.0,0.0,9.81052720301546e-26,0.0003790359091815,0.0017815088335742,0,critical_supplier
DST-00123,Luna-Gallagher,distributor,West,Food_Beverage,Small,active,2,3,5,0.0008216613928036,0.1463619820585834,0.001697910349694,0.0005915364652882,0.0007154542843204,2,none
RET-00121,Hernandez-Dawson,retailer,South,Automotive,Small,active,12,0,12,0.0,0.2022025111531284,0.0623978848490262,0.0016379741441932,0.0005000725896763,1,none
WHS-00004,"Leach, Harris and Herrera",warehouse,East,Food_Beverage,Medium,active,1,3,4,1.1512291628078758e-05,0.0025025025025025,3.3608904092090374e-21,0.0004187722210489,0.0008757529632505,0,none
DST-00096,"Huber, Hill and Weber",distributor,Central,Electronics,Large,active,1,4,5,3.301962776467341e-05,0.0075369487134193,1.595966754859352e-20,0.0004953072524467,0.0007432632051495,4,none
DST-00133,Martin-Ewing,distributor,South,Electronics,Medium,active,3,7,10,0.0007593878202293,0.1552593761784762,0.0131562627162,0.0006876331076523,0.000979012611774,1,none
DST-00184,Higgins-Smith,distributor,Central,Electronics,Medium,active,8,7,15,0.0004841233362804,0.1598899861162617,0.0148695201822752,0.0013517911187673,0.0008272858837156,4,none
SUP-00177,Curry Inc,supplier,West,Chemicals,Large,active,2,4,6,0.0002344517361479,0.002002002002002,1.3146106452040719e-23,0.0006870755074385,0.0014670947769039,2,none
WHS-00016,Cannon Ltd,warehouse,North,Automotive,Enterprise,active,17,5,22,0.0046662361577929,0.1911236516422138,0.0582696557881671,0.0022824029756885,0.001029335519537,3,none
WHS-00024,"Gray, Hall and Murray",warehouse,North,Electronics,Large,active,6,4,10,0.0018651772637458,0.1547408572694832,0.0072654281500852,0.0008291272044252,0.0008310599083268,3,none
DST-00136,Richardson Ltd,distributor,East,Electronics,Medium,active,0,7,7,0.0,0.0,9.81052720301546e-26,0.0003790359091815,0.0009364456640421,0,none
RET-00024,Williams Ltd,retailer,East,Electronics,Small,active,5,0,5,0.0,0.2030241293432051,0.050683402014404,0.0022224032364236,0.0005000725896763,0,none
MFG-00094,"Miller, Ramos and Coleman",manufacturer,West,Chemicals,Small,active,15,8,23,0.0032372923943922,0.1523065681318792,0.0038586481836112,0.0013099652589459,0.0013747217119424,2,dependent_manufacturer
SUP-00164,Smith-Bell,supplier,South,Chemicals,Small,active,0,4,4,0.0,0.0,9.81052720301546e-26,0.0003790359091815,0.000812728494138,1,none
SUP-00249,Johnston-Hines,supplier,South,Electronics,Medium,active,0,4,4,0.0,0.0,9.81052720301546e-26,0.0003790359091815,0.0009689280906381,1,none
DST-00185,Gibbs-Bradley,distributor,East,Chemicals,Small,active,3,6,9,0.000451644833464,0.1654779779779779,0.0070239865515697,0.0006314629953367,0.0007207654360314,0,none
RET-00036,Wheeler PLC,retailer,East,Electronics,Large,active,20,0,20,0.0,0.2007084054497847,0.071787618110579,0.003049792667102,0.0005000725896763,0,none
WHS-00020,"Anderson, Dalton and Wilson",warehouse,Central,Food_Beverage,Enterprise,active,33,2,35,0.0026194040714444,0.1947384189953989,0.0614954402746593,0.0030879416533892,0.0009839384899843,4,none
MFG-00076,"Pugh, Henderson and Moon",manufacturer,East,Chemicals,Large,active,8,5,13,0.0014242324834513,0.1394697212800846,0.0036169105027598,0.001331714040695,0.0010747708257604,0,none
MFG-00113,"Miller, Harrell and Reese",manufacturer,North,Pharmaceuticals,Large,active,5,5,10,0.0010659809742641,0.0051480051480051,1.9954612330933457e-22,0.0006590444738747,0.001131438499171,3,dependent_manufacturer
SUP-00075,Novak PLC,supplier,South,Electronics,Small,active,0,5,5,0.0,0.0,9.81052720301546e-26,0.0003790359091815,0.0015453753441059,1,none
SUP-00114,Gonzalez Group,supplier,North,Chemicals,Medium,active,0,5,5,0.0,0.0,9.81052720301546e-26,0.0003790359091815,0.0012591554118651,3,none
DST-00149,Hoffman Ltd,distributor,South,Chemicals,Enterprise,active,15,38,53,0.0279075188340988,0.1991629332740785,0.1284303614078602,0.0035767006219345,0.0027527002701894,1,bridge
RET-00112,Haynes-Moss,retailer,South,Automotive,Small,active,16,0,16,0.0,0.2002767744703228,0.0835786581883938,0.0018989184127922,0.0005000725896763,1,none
MFG-00091,Frank-Bradley,manufacturer,South,Textiles,Medium,active,4,6,10,0.000377975651645,0.004004004004004,2.805810780062421e-23,0.0006692491417986,0.0013213597322691,1,none
SUP-00105,Nolan-Flynn,supplier,North,Food_Beverage,Small,active,0,3,3,0.0,0.0,9.81052720301546e-26,0.0003790359091815,0.0008186687328043,3,none
SUP-00115,Torres-Pope,supplier,East,Automotive,Medium,active,0,4,4,0.0,0.0,9.81052720301546e-26,0.0003790359091815,0.0009053419378719,0,none
MFG-00118,Thomas and Sons,manufacturer,West,Textiles,Medium,active,9,7,16,0.0070297909106768,0.1650989243251905,0.0119731688841697,0.0013345136181553,0.0012719451988386,2,none
DST-00076,Hayes Ltd,distributor,West,Textiles,Large,active,3,8,11,0.000704161067193,0.1316569258521765,0.0012738506689078,0.0006604355956635,0.0008858791099139,2,none
DST-00008,Young-Allen,distributor,East,Pharmaceuticals,Large,active,5,7,12,0.0021545740673012,0.1991018028464314,0.0302946886855941,0.0012932877977684,0.0008937799564592,0,none
MFG-00110,Collier-Gillespie,manufacturer,South,Electronics,Small,active,16,7,23,0.0025602297460968,0.17442153096899,0.0275279524085467,0.0021190251992841,0.0010137124910358,1,none
SUP-00093,"Garcia, Humphrey and Baker",supplier,East,Electronics,Small,active,0,6,6,0.0,0.0,9.81052720301546e-26,0.0003790359091815,0.0008066319985415,0,none
RET-00081,"Ward, Porter and Bradley",retailer,West,Food_Beverage,Small,active,6,0,6,0.0,0.2022034472283228,0.0353663949728013,0.0012179350312895,0.0005000725896763,2,none
SUP-00090,Moore-Bass,supplier,East,Food_Beverage,Enterprise,active,1,3,4,3.825663380066304e-05,0.001001001001001,5.6901057777489665e-24,0.0004274421317648,0.0007351908497982,0,none
MFG-00037,"Newton, Moore and Perry",manufacturer,East,Textiles,Enterprise,active,12,7,19,0.010128736963183,0.1838123189780883,0.023541304967248,0.0017146243947994,0.001529710421322,0,none
RET-00139,Mendez PLC,retailer,South,Textiles,Large,active,5,0,5,0.0,0.1795375656570919,0.033085765498559,0.0011244051987433,0.0005000725896763,1,none
RET-00072,Wilson-Salazar,retailer,West,Textiles,Medium,active,5,0,5,0.0,0.1857430123639778,0.020363947377353,0.0008591807060142,0.0005000725896763,2,none
RET-00084,Williams Inc,retailer,Central,Electronics,Large,active,8,0,8,0.0,0.1996580553534805,0.1031313132877789,0.0011296404781359,0.0005000725896763,4,none
DST-00156,Bush-Vaughn,distributor,North,Pharmaceuticals,Small,active,1,2,3,1.423712735224648e-05,0.1481965100925903,0.0089469154569865,0.0008053661157327,0.0005557069111597,3,none
DST-00144,Smith LLC,distributor,North,Food_Beverage,Medium,active,5,6,11,0.0023541114970955,0.1548516766945986,0.0092716980556117,0.0011411177297944,0.0009231732541137,3,none
DST-00162,Reed Group,distributor,Central,Automotive,Enterprise,active,13,37,50,0.0288820355370623,0.190562183805427,0.0524776502831394,0.0024416068012166,0.0031812158528249,4,bridge
SUP-00095,Campbell-Clark,supplier,North,Textiles,Small,active,0,5,5,0.0,0.0,9.81052720301546e-26,0.0003790359091815,0.0007240139977499,3,none
SUP-00012,Dudley Group,supplier,North,Food_Beverage,Small,active,1,5,6,2.5050351609266543e-05,0.001001001001001,3.8261056091760304e-24,0.0004193744280009,0.0008395917565262,3,none
MFG-00097,Gregory-Watkins,manufacturer,South,Food_Beverage,Enterprise,active,15,8,23,0.0029677546128069,0.1429111420298906,0.0069188700392281,0.0013766501008796,0.0011905261953857,1,none
DST-00084,Mcdonald-Bird,distributor,South,Pharmaceuticals,Medium,active,15,37,52,0.0183771720738359,0.185441301793503,0.0475846486141454,0.00320099535453,0.0027551395887972,1,bridge
SUP-00044,Allen-Allen,supplier,North,Chemicals,Large,active,0,7,7,0.0,0.0,9.81052720301546e-26,0.0003790359091815,0.0015624370193974,3,none
SUP-00043,Rodriguez LLC,supplier,Central,Automotive,Small,active,0,4,4,0.0,0.0,9.81052720301546e-26,0.0003790359091815,0.0011151220895759,4,none
MFG-00030,Herman-Walker,manufacturer,West,Food_Beverage,Medium,active,3,9,12,0.0004793744020218,0.003003003003003,2.2466107294905392e-23,0.0005436606751741,0.0012001300475723,2,none
SUP-00168,Johnson-Rogers,supplier,North,Electronics,Medium,active,0,4,4,0.0,0.0,9.81052720301546e-26,0.0003790359091815,0.0007865187965524,3,none
DST-00048,Robertson-Hays,distributor,Central,Chemicals,Large,active,4,4,8,0.0015394524220474,0.1747504508819164,0.0207923586887625,0.0008044779502797,0.0007518170228141,4,none
RET-00027,Harris-Barker,retailer,South,Textiles,Medium,active,8,0,8,0.0,0.178945043006683,0.0742934569632231,0.0015139940037107,0.0005000725896763,1,none
DST-00148,Thornton PLC,distributor,Central,Chemicals,Enterprise,active,4,4,8,0.0001327775988207,0.1536777229846536,0.0213250894223277,0.0015625990756235,0.0006028368746651,4,none
LOG-00007,Kelly Group,logistics_provider,East,Chemicals,Large,active,0,6,6,0.0,0.0,9.81052720301546e-26,0.0003790359091815,0.0012547442012617,0,none
SUP-00101,Figueroa PLC,supplier,East,Pharmaceuticals,Large,active,0,4,4,0.0,0.0,9.81052720301546e-26,0.0003790359091815,0.0007936733007091,0,none
MFG-00127,Johnson-Wood,manufacturer,West,Textiles,Large,active,4,8,12,0.0019678206784717,0.1558562406712334,0.0184465015673,0.0006216063289737,0.0012772563636969,2,none
SUP-00179,"Williams, Johnson and Wright",supplier,Central,Food_Beverage,Medium,active,0,4,4,0.0,0.0,9.81052720301546e-26,0.0003790359091815,0.0011885616281658,4,none
MFG-00145,"Conner, Li and Santiago",manufacturer,South,Chemicals,Enterprise,active,7,4,11,0.0008006570610958,0.0073710073710073,5.537061553381923e-22,0.0008227889698103,0.000880789091013,1,none
MFG-00117,"Mullen, Brewer and Hernandez",manufacturer,Central,Textiles,Small,active,0,7,7,0.0,0.0,9.81052720301546e-26,0.0003790359091815,0.0008963865279808,4,none
RET-00021,Adams-Clayton,retailer,West,Chemicals,Large,active,12,0,12,0.0,0.1876306395399131,0.0242638683808167,0.0019784391109604,0.0005000725896763,2,none
RET-00033,Barber-Fischer,retailer,North,Electronics,Enterprise,active,17,0,17,0.0,0.2314155515288659,0.0977419684360513,0.0046327214614656,0.0005000725896763,3,none
WHS-00031,Morales and Sons,warehouse,East,Textiles,Large,active,5,4,9,0.0009972759047621,0.1195271187900633,0.0004753976563509,0.0006735449635211,0.0011253418820809,0,none
SUP-00178,Walker-Jones,supplier,West,Textiles,Enterprise,active,0,6,6,0.0,0.0,9.81052720301546e-26,0.0003790359091815,0.0012621406981848,2,none
MFG-00096,Reed Inc,manufacturer,East,Electronics,Large,active,21,4,25,0.0052414046003844,0.198918636514466,0.0478953088988422,0.0027045075027599,0.0009727625841338,0,none
RET-00062,Matthews Inc,retailer,South,Chemicals,Enterprise,active,3,0,3,0.0,0.1582667882740716,0.0151727152358245,0.0008933443598009,0.0005000725896763,1,none
LOG-00044,Ferguson-Mclean,logistics_provider,South,Food_Beverage,Large,active,0,3,3,0.0,0.0,9.81052720301546e-26,0.0003790359091815,0.0006927249914948,1,none
RET-00111,Green-Edwards,retailer,West,Electronics,Medium,active,12,0,12,0.0,0.206243668343256,0.0875988626467406,0.0031454474859979,0.0005000725896763,2,none
WHS-00035,Young-Walter,warehouse,East,Automotive,Large,active,9,2,11,0.0011880170972103,0.1825193229245002,0.0361500632374978,0.0017462862517382,0.0006878362835053,0,none
MFG-00084,"Gallegos, Adams and White",manufacturer,North,Chemicals,Medium,active,10,4,14,0.0014136943598017,0.1810925945487643,0.0226928914445736,0.0013377064754332,0.0010937412431326,3,none
RET-00107,Haynes-Watson,retailer,West,Pharmaceuticals,Enterprise,active,9,0,9,0.0,0.2143000989154835,0.0599153451097141,0.0014181293777961,0.0005000725896763,2,none
LOG-00002,"Ramsey, Mason and Mccann",logistics_provider,South,Pharmaceuticals,Enterprise,active,0,3,3,0.0,0.0,9.81052720301546e-26,0.0003790359091815,0.0007096914141083,1,none
SUP-00258,"Bryan, Smith and Booth",supplier,West,Electronics,Small,active,0,5,5,0.0,0.0,9.81052720301546e-26,0.0003790359091815,0.0010826679952148,2,none
DST-00089,Owens-Holmes,distributor,East,Food_Beverage,Medium,active,1,2,3,5.344646710712174e-05,0.1312648942846763,0.0031846266722696,0.0004182128928686,0.0005472834858359,0,none
MFG-00036,"Avery, Horton and Fernandez",manufacturer,North,Food_Beverage,Large,active,9,5,14,0.0024376513907951,0.1305178417854474,0.0014322921133045,0.0010839021519434,0.0012029206575641,3,dependent_manufacturer
SUP-00016,Galloway-Wyatt,supplier,North,Textiles,Large,active,1,5,6,4.320286170217917e-05,0.001001001001001,9.418106114894841e-24,0.0004798822062299,0.0009620541961706,3,none
MFG-00025,"Diaz, Gibbs and Smith",manufacturer,East,Automotive,Enterprise,active,12,7,19,0.003133551279154,0.1642627687195932,0.0099330212844269,0.0012708325662595,0.0009775270530027,0,none
LOG-00009,Miller-Montgomery,logistics_provider,West,Automotive,Medium,active,0,0,0,0.0,0.0,9.81052720301546e-26,0.0003790359091815,0.0005000725896763,7,none
SUP-00223,Sheppard LLC,supplier,East,Textiles,Enterprise,active,0,5,5,0.0,0.0,9.81052720301546e-26,0.0003790359091815,0.0008592456880543,0,none
SUP-00180,Howell and Sons,supplier,West,Food_Beverage,Large,active,0,3,3,0.0,0.0,9.81052720301546e-26,0.0003790359091815,0.0007082007551055,2,none
RET-00134,Jackson PLC,retailer,West,Chemicals,Enterprise,active,5,0,5,0.0,0.1781636788469256,0.0198465092167381,0.0009225679814221,0.0005000725896763,2,none
SUP-00023,Perez Inc,supplier,South,Chemicals,Large,active,1,4,5,6.173822417420724e-05,0.001001001001001,5.6901057777489665e-24,0.000448187655729,0.0008752198005601,1,none
MFG-00057,Hayes and Sons,manufacturer,Central,Automotive,Enterprise,active,7,7,14,0.0002147891770187,0.0071182293404515,3.6171413797518e-22,0.0007963134656938,0.0012793103169992,4,none
WHS-00017,"Stuart, Brooks and Vance",warehouse,Central,Food_Beverage,Medium,active,2,4,6,0.0002161736027127,0.0027805583361138,7.89413881917842e-21,0.0004909865723105,0.0009325108972139,4,none
RET-00012,Burns-Ray,retailer,South,Textiles,Large,active,5,0,5,0.0,0.1628530854111668,0.0322335444457249,0.0012056325351856,0.0005000725896763,1,none
MFG-00041,Garcia-Jennings,manufacturer,South,Chemicals,Large,active,9,3,12,0.0022392715934183,0.1474593484141108,0.0053439772584675,0.0013781997473076,0.0008711346672964,1,none
MFG-00132,"Lopez, Jacobs and Mason",manufacturer,West,Automotive,Enterprise,active,5,7,12,0.000359609709724,0.005005005005005,3.924210881206187e-23,0.0007092564964397,0.0009577112365097,2,none
DST-00102,"Fowler, Jimenez and Burton",distributor,Central,Automotive,Medium,active,4,4,8,0.0003916619618242,0.173256857284635,0.0148067315146096,0.0008634254018191,0.000634259784689,4,none
LOG-00084,Burns and Sons,logistics_provider,East,Automotive,Large,active,0,3,3,0.0,0.0,9.81052720301546e-26,0.0003790359091815,0.0005993051964883,0,none
SUP-00204,"Beard, Peters and Black",supplier,East,Pharmaceuticals,Enterprise,active,0,7,7,0.0,0.0,9.81052720301546e-26,0.0003790359091815,0.0009518063982916,0,none
DST-00181,Small-Anderson,distributor,Central,Electronics,Small,active,2,8,10,0.0024101415690568,0.1629423947936884,0.0106442771465131,0.000579333455378,0.0009552240290281,4,none
SUP-00094,Newton and Sons,supplier,Central,Food_Beverage,Medium,active,0,5,5,0.0,0.0,9.81052720301546e-26,0.0003790359091815,0.0010043404190243,4,none
DST-00109,Gross-Valencia,distributor,North,Electronics,Large,active,1,6,7,0.0013627175190416,0.1647216032690893,0.0155754170893475,0.0021468760701975,0.0007426058674961,3,none
SUP-00069,Russell Group,supplier,South,Electronics,Small,active,0,2,2,0.0,0.0,9.81052720301546e-26,0.0003790359091815,0.000587787056615,1,none
DST-00173,Pearson and Sons,distributor,East,Chemicals,Small,active,3,7,10,0.0015496405315691,0.1891728415496278,0.0212475665044587,0.0009729881473215,0.0007521157129791,0,none
SUP-00285,Garcia-Lozano,supplier,East,Textiles,Large,active,1,6,7,8.752987488235762e-05,0.001001001001001,3.8261056091760304e-24,0.0004377101183733,0.0020294396725838,0,none
LOG-00095,Adams PLC,logistics_provider,East,Food_Beverage,Enterprise,active,0,6,6,0.0,0.0,9.81052720301546e-26,0.0003790359091815,0.0008830501512034,0,none
MFG-00135,"Kim, Gonzales and Mills",manufacturer,East,Automotive,Medium,active,15,10,25,0.0102883917418795,0.1742809440283916,0.0121981339625571,0.0040989122497878,0.0018220721779823,0,none
SUP-00154,Green-Wright,supplier,Central,Automotive,Enterprise,active,1,6,7,0.0004846601539988,0.001001001001001,9.418106114894841e-24,0.0005031544286257,0.0011275372371122,4,none
SUP-00076,"Daniels, Adkins and Brown",supplier,West,Automotive,Enterprise,active,0,7,7,0.0,0.0,9.81052720301546e-26,0.0003790359091815,0.0013639604123857,2,none
WHS-00081,Rodriguez Inc,warehouse,West,Chemicals,Enterprise,active,12,3,15,0.0231732141811681,0.1919152880691342,0.0295086679040366,0.0011819886449601,0.0010805467555307,2,none
MFG-00147,"Henderson, Cox and Cox",manufacturer,Central,Automotive,Small,active,6,7,13,0.0005443775060716,0.0064064064064064,3.1325013359228363e-22,0.0007837573274798,0.0013734652431002,4,none
SUP-00189,Garcia LLC,supplier,West,Automotive,Enterprise,active,0,2,2,0.0,0.0,9.81052720301546e-26,0.0003790359091815,0.0006857676868097,2,none
SUP-00272,"Suarez, Shields and Hill",supplier,South,Chemicals,Medium,active,0,5,5,0.0,0.0,9.81052720301546e-26,0.0003790359091815,0.0012014347482071,1,none
SUP-00237,Warner-Gibson,supplier,East,Automotive,Large,active,0,1,1,0.0,0.0,9.81052720301546e-26,0.0003790359091815,0.0005586569656277,0,none
DST-00038,Williams-Hughes,distributor,East,Chemicals,Large,active,3,5,8,0.0015420337730781,0.1699878599773778,0.0260921034341259,0.0009782799003692,0.0008513170867289,0,none
SUP-00118,Rasmussen LLC,supplier,North,Electronics,Enterprise,active,0,3,3,0.0,0.0,9.81052720301546e-26,0.0003790359091815,0.000982040149988,3,none
RET-00094,Murphy-Tran,retailer,East,Electronics,Enterprise,active,4,0,4,0.0,0.179093654093654,0.0202783290179613,0.0008198330488546,0.0005000725896763,0,none
DST-00063,"Sullivan, Palmer and Brady",distributor,North,Pharmaceuticals,Enterprise,active,4,5,9,0.000936365182864,0.1938074913874137,0.0288056367551375,0.0010586654078901,0.0006792126743509,3,none
LOG-00076,Bruce-Williamson,logistics_provider,North,Pharmaceuticals,Medium,active,0,6,6,0.0,0.0,9.81052720301546e-26,0.0003790359091815,0.0011576398925535,3,none
DST-00142,"Harvey, Randall and Hernandez",distributor,East,Textiles,Large,active,1,5,6,0.0001801427708798,0.1311246560892811,0.0025477013378157,0.0004103774961312,0.0006954353901411,0,none
SUP-00127,"Mcdaniel, Bentley and Mclaughlin",supplier,West,Pharmaceuticals,Small,active,0,8,8,0.0,0.0,9.81052720301546e-26,0.0003790359091815,0.0017037631183306,2,none
SUP-00117,Ross LLC,supplier,Central,Food_Beverage,Large,active,0,12,12,0.0,0.0,9.81052720301546e-26,0.0003790359091815,0.0016349936882156,4,none
DST-00024,Lowery-Kennedy,distributor,West,Chemicals,Enterprise,active,4,5,9,0.0003025466024247,0.1589164922498255,0.0089285466588683,0.0008318873925496,0.000750452056718,2,none
WHS-00044,Faulkner-Grant,warehouse,Central,Automotive,Enterprise,active,20,36,56,0.0351459882515266,0.1920289146458477,0.056144229320207,0.002670948262626,0.0037451881559038,4,bridge
SUP-00058,"Johnston, Sanchez and Kennedy",supplier,South,Chemicals,Enterprise,active,0,4,4,0.0,0.0,9.81052720301546e-26,0.0003790359091815,0.0010531963872358,1,none
RET-00014,Schultz Inc,retailer,North,Automotive,Enterprise,active,14,0,14,0.0,0.2163965289793104,0.1066369220861707,0.002107341555281,0.0005000725896763,3,none
RET-00063,Lewis-Livingston,retailer,Central,Textiles,Medium,active,12,0,12,0.0,0.1877923900912406,0.0304668958408707,0.0018246662183923,0.0005000725896763,4,none
MFG-00070,Edwards-Scott,manufacturer,Central,Automotive,Medium,active,4,8,12,0.0001053515793815,0.004004004004004,2.805810780062421e-23,0.0005647211545405,0.0011277386570213,4,none
SUP-00269,Hicks-Hill,supplier,West,Automotive,Enterprise,active,0,3,3,0.0,0.0,9.81052720301546e-26,0.0003790359091815,0.0008930188191498,2,none
SUP-00047,Anderson Group,supplier,North,Chemicals,Large,active,0,4,4,0.0,0.0,9.81052720301546e-26,0.0003790359091815,0.0009507953148296,3,none
MFG-00050,"Smith, Garrison and Thomas",manufacturer,South,Pharmaceuticals,Small,active,9,6,15,0.001429738730392,0.1290122660448834,0.0008735262679796,0.0009950554414045,0.0013604846877862,1,none
SUP-00196,"Nelson, Morton and Medina",supplier,West,Food_Beverage,Small,active,0,4,4,0.0,0.0,9.81052720301546e-26,0.0003790359091815,0.0011293252257523,2,none
RET-00150,Stokes Group,retailer,Central,Chemicals,Enterprise,active,4,0,4,0.0,0.1872352489671723,0.0221458805393014,0.0009062911198144,0.0005000725896763,4,none
LOG-00085,Edwards Group,logistics_provider,Central,Food_Beverage,Enterprise,active,0,3,3,0.0,0.0,9.81052720301546e-26,0.0003790359091815,0.0006546039765768,4,none
WHS-00087,"Frey, Santos and Johnson",warehouse,North,Food_Beverage,Enterprise,active,1,2,3,4.93145115723606e-06,0.001001001001001,7.554105946321905e-24,0.0004268445240785,0.0006228647400806,3,none
SUP-00264,"Lloyd, Mckinney and Collins",supplier,Central,Chemicals,Small,active,0,5,5,0.0,0.0,9.81052720301546e-26,0.0003790359091815,0.0011288136832251,4,none
MFG-00144,Collins Group,manufacturer,East,Electronics,Medium,active,12,5,17,0.0008082137971819,0.012012012012012,9.143411353210412e-23,0.0013021937080269,0.0010638398842395,0,none
WHS-00026,Johnson Ltd,warehouse,East,Textiles,Small,active,7,5,12,0.0031633653918804,0.1805381780333074,0.0179242565386731,0.0009667839066583,0.0017721685896083,0,none
MFG-00005,"Evans, Hayden and Vaughn",manufacturer,West,Electronics,Medium,active,5,11,16,0.0013465851629718,0.0051480051480051,1.641301201064487e-22,0.000636693262926,0.0013523014459394,2,none
MFG-00042,"Winters, Newman and Brown",manufacturer,South,Chemicals,Small,active,14,5,19,0.0014442601720481,0.158522403146059,0.0062813702989534,0.0014017622572086,0.0010066462956941,1,none
RET-00117,"Howard, Townsend and Hayes",retailer,Central,Food_Beverage,Enterprise,active,24,0,24,0.0,0.2020777717878273,0.092489767560945,0.00383222721744,0.0005000725896763,4,none
SUP-00150,"Schmidt, Hansen and Stewart",supplier,North,Textiles,Medium,active,1,3,4,6.808630166456931e-05,0.001001001001001,3.8261056091760304e-24,0.0004130051881873,0.0007979130487338,3,none
SUP-00125,Scott Ltd,supplier,Central,Electronics,Large,active,0,4,4,0.0,0.0,9.81052720301546e-26,0.0003790359091815,0.0011107136166169,4,none
LOG-00037,Maldonado PLC,logistics_provider,West,Food_Beverage,Enterprise,active,0,4,4,0.0,0.0,9.81052720301546e-26,0.0003790359091815,0.0007733085500209,2,none
SUP-00051,"Brooks, Lam and Hayes",supplier,Central,Textiles,Small,active,0,6,6,0.0,0.0,9.81052720301546e-26,0.0003790359091815,0.0012380377640683,4,none
MFG-00054,"Morris, Thompson and Williams",manufacturer,West,Automotive,Small,active,7,8,15,0.0011543443708391,0.0071182293404515,1.8090612162360525e-22,0.0007771895669962,0.0009331012743411,2,none
RET-00078,"Tanner, Wise and Johnson",retailer,North,Food_Beverage,Enterprise,active,7,0,7,0.0,0.203084392804019,0.0487616072498696,0.0015274181288633,0.0005000725896763,3,none
SUP-00143,Gibson Ltd,supplier,North,Electronics,Large,active,2,4,6,0.0001037981438395,0.002002002002002,1.6874106789186596e-23,0.0005791770217853,0.0007251297563978,3,none
DST-00021,Walker-Flores,distributor,South,Automotive,Medium,active,0,8,8,0.0,0.0,9.81052720301546e-26,0.0003790359091815,0.0010159000618949,1,none
MFG-00100,Duran LLC,manufacturer,North,Food_Beverage,Large,active,15,9,24,0.0066899622599253,0.1451821113862295,0.0034583571967717,0.0014556477891535,0.0017379141195177,3,none
DST-00176,Osborn Group,distributor,East,Textiles,Medium,active,6,4,10,0.0011982386572885,0.1968063330320612,0.0395859514844558,0.0015922703933838,0.0007963504809221,0,none
MFG-00021,Coffey-Phillips,manufacturer,East,Textiles,Large,active,14,6,20,0.000305571641458,0.014014014014014,1.1380211555497934e-22,0.0012827105612074,0.0008699198902939,0,dependent_manufacturer
SUP-00020,"Reid, Ferguson and Sanchez",supplier,North,Food_Beverage,Large,active,0,3,3,0.0,0.0,9.81052720301546e-26,0.0003790359091815,0.0006515141701666,3,none
LOG-00060,Alvarez-Kim,logistics_provider,Central,Textiles,Medium,active,0,4,4,0.0,0.0,9.81052720301546e-26,0.0003790359091815,0.0011415740122906,4,none
LOG-00041,"Porter, Schultz and Allen",logistics_provider,South,Electronics,Small,active,0,8,8,0.0,0.0,9.81052720301546e-26,0.0003790359091815,0.0018472572335557,1,none
LOG-00059,Mueller-Boyd,logistics_provider,East,Automotive,Small,active,0,4,4,0.0,0.0,9.81052720301546e-26,0.0003790359091815,0.0008860500679249,0,none
MFG-00108,Roberts-Sullivan,manufacturer,Central,Electronics,Large,active,9,7,16,0.0032604672497102,0.16645462501249,0.0114477180872263,0.0024278159691535,0.0014172149211725,4,none
DST-00088,"Jones, Compton and Day",distributor,West,Pharmaceuticals,Medium,active,11,6,17,0.0012206783411115,0.2030277538884737,0.0476412861037644,0.0028367937135269,0.0008695972123346,2,none
DST-00171,Santos-Avila,distributor,South,Chemicals,Enterprise,active,1,7,8,0.0001406982712631,0.1493263521348236,0.0110313752726852,0.000870956248987,0.0008188243522446,1,none
SUP-00039,Harrell LLC,supplier,North,Electronics,Medium,active,0,9,9,0.0,0.0,9.81052720301546e-26,0.0003790359091815,0.0015948511310334,3,none
SUP-00176,King-Miller,supplier,North,Food_Beverage,Medium,active,0,4,4,0.0,0.0,9.81052720301546e-26,0.0003790359091815,0.0008218731910625,3,none
SUP-00246,Navarro-Munoz,supplier,West,Chemicals,Large,active,0,7,7,0.0,0.0,9.81052720301546e-26,0.0003790359091815,0.000937847437559,2,none
LOG-00079,Allen Inc,logistics_provider,South,Chemicals,Small,active,0,4,4,0.0,0.0,9.81052720301546e-26,0.0003790359091815,0.0007559882594951,1,none
WHS-00018,Kane-Knox,warehouse,South,Automotive,Large,active,11,4,15,0.0050868156409133,0.2003315854458535,0.0516870485025968,0.001342865403972,0.0010090045021972,1,none
LOG-00005,"Sanders, Ayala and Johnson",logistics_provider,West,Automotive,Large,active,0,4,4,0.0,0.0,9.81052720301546e-26,0.0003790359091815,0.0008856252116698,2,none
RET-00009,Sellers-Riddle,retailer,Central,Chemicals,Enterprise,active,4,0,4,0.0,0.197956251533116,0.0680424795356726,0.0010573441572168,0.0005000725896763,4,none
SUP-00155,"Ramirez, Strickland and Washington",supplier,East,Food_Beverage,Large,active,0,6,6,0.0,0.0,9.81052720301546e-26,0.0003790359091815,0.0011128964553532,0,none
SUP-00288,Morgan-Schwartz,supplier,East,Textiles,Enterprise,active,0,2,2,0.0,0.0,9.81052720301546e-26,0.0003790359091815,0.0007437718322784,0,none
DST-00153,"Becker, Lara and Baker",distributor,North,Chemicals,Enterprise,active,1,7,8,0.0023029681320029,0.1673564689560561,0.0064070895411731,0.0005906779797063,0.0008179163210341,3,none
DST-00120,Williams-Campbell,distributor,South,Chemicals,Small,active,5,9,14,0.0023278069847159,0.1833447353515188,0.0339656147598545,0.0012370510091899,0.000920222422802,1,none
WHS-00094,"Alvarez, Williams and Jones",warehouse,East,Pharmaceuticals,Small,active,20,2,22,0.0041290140981229,0.1878579999054948,0.0231046592433447,0.00227877024849,0.0008848374401988,0,none
SUP-00018,"Flowers, Martin and Kelly",supplier,North,Electronics,Medium,active,0,12,12,0.0,0.0,9.81052720301546e-26,0.0003790359091815,0.0017248350608363,3,none
SUP-00128,Diaz Inc,supplier,East,Automotive,Small,active,0,5,5,0.0,0.0,9.81052720301546e-26,0.0003790359091815,0.0007328923687145,0,none
MFG-00023,Taylor and Sons,manufacturer,Central,Textiles,Enterprise,active,8,10,18,0.0013213420504742,0.008008008008008,5.788211049779121e-23,0.0007743450446716,0.001745038227392,4,none
SUP-00256,"Johnson, Miller and King",supplier,East,Electronics,Small,active,0,4,4,0.0,0.0,9.81052720301546e-26,0.0003790359091815,0.0007135374741291,0,none
WHS-00008,Chavez PLC,warehouse,West,Food_Beverage,Medium,active,1,7,8,0.0003480943848607,0.0018018018018018,5.965781592153702e-22,0.0006035215279355,0.0009331134952733,2,none
RET-00115,Moore and Sons,retailer,West,Electronics,Large,active,6,0,6,0.0,0.1930986080867597,0.0457550884484557,0.0017791288039989,0.0005000725896763,2,none
SUP-00191,Reed Group,supplier,West,Food_Beverage,Small,active,0,5,5,0.0,0.0,9.81052720301546e-26,0.0003790359091815,0.0008246806877021,2,none
SUP-00116,Walker Ltd,supplier,East,Pharmaceuticals,Large,active,0,3,3,0.0,0.0,9.81052720301546e-26,0.0003790359091815,0.0007502165127431,0,none
DST-00167,"Perez, Hall and Garcia",distributor,East,Chemicals,Enterprise,active,2,4,6,0.0001712486378714,0.1635117642158125,0.0099330212844269,0.0005615619890394,0.0006840264125231,0,none
DST-00157,Stewart-Bailey,distributor,South,Chemicals,Large,active,3,5,8,0.0008943152310792,0.1645044994399914,0.0234563286268113,0.0010577963723993,0.0007057857169566,1,none
SUP-00181,Wells Inc,supplier,South,Chemicals,Large,active,0,6,6,0.0,0.0,9.81052720301546e-26,0.0003790359091815,0.0014160228963729,1,none
MFG-00002,Estrada-Nolan,manufacturer,North,Automotive,Large,active,7,6,13,0.002154494058439,0.1498437684623871,0.0096492687055649,0.0010938056989546,0.001358858733781,3,none
LOG-00010,Marquez Inc,logistics_provider,West,Chemicals,Large,active,0,5,5,0.0,0.0,9.81052720301546e-26,0.0003790359091815,0.0008774925979652,2,none
WHS-00063,"Butler, Hernandez and Rivera",warehouse,South,Pharmaceuticals,Large,active,29,36,65,0.0506838810711908,0.2187769557078157,0.0632914656363497,0.0028303431950571,0.004828258606023,1,bridge
WHS-00074,Mann Inc,warehouse,Central,Chemicals,Large,active,11,5,16,0.0054270880932535,0.1874779403681138,0.0616178850539457,0.0015920174853298,0.0010651223995252,4,none
WHS-00036,"Boyd, Gutierrez and Hill",warehouse,South,Pharmaceuticals,Enterprise,active,11,7,18,0.0200039668585336,0.1986749383380317,0.0353550069110976,0.0010988073558983,0.0014643431746004,1,none
RET-00130,Johnson Inc,retailer,East,Food_Beverage,Small,active,16,0,16,0.0,0.2287371582108424,0.1024114283335658,0.0026662075450567,0.0005000725896763,0,none
DST-00068,"Hernandez, Cole and Watson",distributor,North,Automotive,Small,active,3,6,9,0.0031323552422946,0.1884036229084152,0.0227985538463168,0.0007380309565373,0.0008527280610185,3,none
RET-00135,Underwood-Foster,retailer,West,Chemicals,Enterprise,active,6,0,6,0.0,0.1934800018703618,0.0425772323750703,0.0015437572209919,0.0005000725896763,2,none
SUP-00046,Spence PLC,supplier,West,Pharmaceuticals,Enterprise,active,0,7,7,0.0,0.0,9.81052720301546e-26,0.0003790359091815,0.0014144147950195,2,none
RET-00060,"Fisher, Payne and Thompson",retailer,West,Automotive,Enterprise,active,5,0,5,0.0,0.16674007340674,0.0159663724592708,0.0008041258156898,0.0005000725896763,2,none
SUP-00158,"Miller, Hernandez and Reyes",supplier,South,Textiles,Large,active,1,3,4,3.101879911053814e-05,0.001001001001001,5.6901057777489665e-24,0.0004148923703543,0.0009243856319759,1,none
RET-00002,"Norris, Callahan and Bishop",retailer,North,Chemicals,Medium,active,10,0,10,0.0,0.2124424326319132,0.0973083996264698,0.0016937208297999,0.0005000725896763,3,none
SUP-00172,"Alvarado, Miller and Patterson",supplier,South,Pharmaceuticals,Small,active,0,2,2,0.0,0.0,9.81052720301546e-26,0.0003790359091815,0.000599990526401,1,none
SUP-00017,James Group,supplier,Central,Automotive,Medium,active,0,9,9,0.0,0.0,9.81052720301546e-26,0.0003790359091815,0.0015696943874512,4,none
DST-00062,"Whitney, Gould and Jones",distributor,North,Textiles,Medium,active,3,6,9,0.0002101199032456,0.1561939979951056,0.0175049813698251,0.0007689110138451,0.0007046436257278,3,none
SUP-00049,Hickman Ltd,supplier,East,Chemicals,Medium,active,0,2,2,0.0,0.0,9.81052720301546e-26,0.0003790359091815,0.0006866041000496,0,none
RET-00122,Foster-Williams,retailer,South,Automotive,Small,active,12,0,12,0.0,0.2093582265721252,0.0787815948403414,0.0042141287188738,0.0005000725896763,1,none
RET-00091,Walker PLC,retailer,South,Textiles,Medium,active,7,0,7,0.0,0.1918248632112939,0.0601999640602078,0.0015259168646593,0.0005000725896763,1,none
DST-00066,Osborne LLC,distributor,West,Food_Beverage,Large,active,2,7,9,0.0014258826494518,0.1732105937713414,0.0124754152132575,0.0005333363575274,0.0009619540968868,2,none
RET-00103,"Acosta, Garcia and Moreno",retailer,North,Automotive,Small,active,14,0,14,0.0,0.2359395225844737,0.0967944390478391,0.0026491057633941,0.0005000725896763,3,none
DST-00031,Brown-Copeland,distributor,Central,Food_Beverage,Enterprise,active,5,8,13,0.002883824320739,0.1809410526286398,0.0253770150133671,0.0011717461650615,0.0010811079393212,4,none
SUP-00284,"Sanford, Rivera and Garcia",supplier,North,Electronics,Medium,active,1,9,10,4.532826287446639e-05,0.001001001001001,5.6901057777489665e-24,0.000453507020848,0.0016503978561042,3,none
WHS-00069,White-Preston,warehouse,West,Automotive,Medium,active,3,5,8,0.0009788776271287,0.1559686640234849,0.0026573679524496,0.0007487651305428,0.0009598376253339,2,none
RET-00028,Khan LLC,retailer,West,Electronics,Large,active,5,0,5,0.0,0.193999488748892,0.0331722312005233,0.001120079620614,0.0005000725896763,0,none
SUP-00226,Hernandez PLC,supplier,North,Food_Beverage,Large,active,0,3,3,0.0,0.0,9.81052720301546e-26,0.0003790359091815,0.0007518342634399,3,none
SUP-00027,Baker and Sons,supplier,East,Chemicals,Medium,active,0,5,5,0.0,0.0,9.81052720301546e-26,0.0003790359091815,0.0008916501124298,0,none
RET-00105,Dawson Inc,retailer,Central,Pharmaceuticals,Medium,active,6,0,6,0.0,0.2015766541494998,0.056685742611629,0.001099815652054,0.0005000725896763,4,none
MFG-00138,"Williams, Mccoy and Cook",manufacturer,North,Chemicals,Large,active,11,5,16,0.0003465195883783,0.0122026788693455,1.090538203887198e-21,0.0010661499588678,0.0006901208525083,3,dependent_manufacturer
RET-00102,Blake Group,retailer,North,Chemicals,Small,active,9,0,9,0.0,0.1967705707518566,0.0610476371196085,0.0023004298835735,0.0005000725896763,3,none
MFG-00065,"Phillips, Wagner and Jordan",manufacturer,East,Pharmaceuticals,Large,active,4,8,12,0.0024535889118447,0.1727953312929338,0.01663388695101,0.0006841958210317,0.0012181968183235,0,none
SUP-00230,Kerr-Evans,supplier,West,Food_Beverage,Large,active,0,3,3,0.0,0.0,9.81052720301546e-26,0.0003790359091815,0.0007414446706242,2,none
SUP-00038,"Baker, Mason and White",supplier,Central,Food_Beverage,Small,active,0,6,6,0.0,0.0,9.81052720301546e-26,0.0003790359091815,0.0011686623252542,4,none
RET-00116,Owens-Russell,retailer,West,Textiles,Large,active,13,0,13,0.0,0.2152560993140703,0.0730903633329111,0.0026403295186782,0.0005000725896763,2,none
MFG-00075,"Hoffman, Santiago and Jenkins",manufacturer,South,Automotive,Enterprise,active,8,3,11,0.000225276037507,0.1455730865515425,0.0132683134147285,0.0010221869872643,0.0007982962263723,1,none
DST-00020,Hughes Inc,distributor,Central,Electronics,Small,active,2,7,9,0.0023095268910132,0.1569498363594661,0.0202031159265088,0.0020815748588743,0.0009785571500709,4,none
RET-00118,Baker-Wilson,retailer,Central,Electronics,Large,active,3,0,3,0.0,0.1444438663452435,0.0052434549847303,0.000702929147425,0.0005000725896763,4,none
RET-00001,Clark Ltd,retailer,South,Chemicals,Medium,active,11,0,11,0.0,0.1778811121738083,0.0589181450835792,0.0018982586818341,0.0005000725896763,1,none
WHS-00055,Sanders and Sons,warehouse,West,Chemicals,Medium,active,19,2,21,0.001563629947198,0.1926562737373548,0.0259503558179581,0.0020834372885326,0.0006853414099176,2,none
LOG-00092,Medina and Sons,logistics_provider,East,Pharmaceuticals,Enterprise,active,0,2,2,0.0,0.0,9.81052720301546e-26,0.0003790359091815,0.0006392143275429,0,none
SUP-00195,"Hernandez, Thompson and Boyd",supplier,West,Pharmaceuticals,Large,active,0,4,4,0.0,0.0,9.81052720301546e-26,0.0003790359091815,0.0007297399077762,2,none
RET-00005,"Bell, Campbell and Ryan",retailer,West,Electronics,Small,active,7,0,7,0.0,0.2028341504324037,0.0820010519547721,0.0019683078090017,0.0005000725896763,2,none
RET-00015,Robertson-Ramirez,retailer,West,Textiles,Medium,active,0,0,0,0.0,0.0,9.81052720301546e-26,0.0003790359091815,0.0005000725896763,8,none
DST-00054,"Jimenez, Glass and Stone",distributor,North,Electronics,Large,active,3,4,7,0.0018123458016115,0.173953787523109,0.0211849102600262,0.0012282936556747,0.0006694330316095,3,none
RET-00120,"Terry, Williams and Huff",retailer,East,Textiles,Small,active,3,0,3,0.0,0.172215647851241,0.0487791833116114,0.0009534030026032,0.0005000725896763,0,none
LOG-00081,"Price, Carlson and Andrews",logistics_provider,West,Pharmaceuticals,Large,active,0,2,2,0.0,0.0,9.81052720301546e-26,0.0003790359091815,0.0005688538116329,2,none
DST-00130,"Morales, Williams and Williams",distributor,West,Chemicals,Enterprise,active,10,8,18,0.0027112645441886,0.1746093334249458,0.0084128089724946,0.0009737056625691,0.0008501233230715,2,none
RET-00119,Aguirre LLC,retailer,East,Food_Beverage,Medium,active,10,0,10,0.0,0.2135587147081399,0.0731279675403675,0.0013768363229055,0.0005000725896763,0,none
SUP-00163,"Smith, Gilmore and Johnston",supplier,South,Textiles,Enterprise,active,0,10,10,0.0,0.0,9.81052720301546e-26,0.0003790359091815,0.0019298500504976,1,none
RET-00059,Peck-Anderson,retailer,South,Food_Beverage,Large,active,8,0,8,0.0,0.1672547032629337,0.0247053770693761,0.0011061354462363,0.0005000725896763,1,none
SUP-00153,Manning Group,supplier,North,Chemicals,Large,active,0,5,5,0.0,0.0,9.81052720301546e-26,0.0003790359091815,0.0008952874033397,3,none
LOG-00052,"Burgess, Grant and Watts",logistics_provider,West,Food_Beverage,Medium,active,0,4,4,0.0,0.0,9.81052720301546e-26,0.0003790359091815,0.0007628270986341,2,none
RET-00144,"Wright, Mcknight and Stephens",retailer,West,Textiles,Medium,active,8,0,8,0.0,0.1996580553534805,0.042297821979875,0.0014750350019014,0.0005000725896763,2,none
LOG-00006,Bowers-Hayes,logistics_provider,East,Textiles,Small,active,0,3,3,0.0,0.0,9.81052720301546e-26,0.0003790359091815,0.0012473266641103,0,none
SUP-00112,"Shields, Cochran and Adams",supplier,Central,Automotive,Small,active,0,5,5,0.0,0.0,9.81052720301546e-26,0.0003790359091815,0.0011282393183396,4,none
SUP-00227,Miller-Wright,supplier,West,Chemicals,Medium,active,0,2,2,0.0,0.0,9.81052720301546e-26,0.0003790359091815,0.0008395798440214,2,none
WHS-00039,David-Powers,warehouse,West,Textiles,Enterprise,active,20,1,21,0.0033324128558148,0.2010144634873485,0.0502254181451204,0.0022855119750045,0.0006251823722835,2,none
SUP-00104,"Tran, Jordan and Williams",supplier,West,Automotive,Small,active,0,3,3,0.0,0.0,9.81052720301546e-26,0.0003790359091815,0.0006561997370525,2,none
MFG-00122,"Cole, Glass and Cunningham",manufacturer,West,Chemicals,Small,active,6,3,9,0.000148842566735,0.0061311311311311,2.144581246579179e-22,0.0007672744314891,0.0009801807170959,2,none
MFG-00120,Thompson Ltd,manufacturer,West,Chemicals,Small,active,11,8,19,0.004306603913747,0.1882942448980185,0.0220138064431336,0.0013528344947119,0.0009118534293517,2,none
LOG-00001,"Rivera, Campos and Taylor",logistics_provider,North,Food_Beverage,Small,active,0,8,8,0.0,0.0,9.81052720301546e-26,0.0003790359091815,0.0019617735083695,3,none
DST-00137,Whitney PLC,distributor,East,Automotive,Small,active,3,3,6,0.0006680915387216,0.1583675961117367,0.0090011654175237,0.0008861310507248,0.0005843935009294,0,none
LOG-00031,"Harris, Edwards and Oconnell",logistics_provider,Central,Electronics,Small,active,0,5,5,0.0,0.0,9.81052720301546e-26,0.0003790359091815,0.0020458368106786,4,none
WHS-00023,Nunez-Stephens,warehouse,South,Pharmaceuticals,Large,active,5,9,14,0.0049575715898376,0.1708384708121342,0.021061407728414,0.0007299664513663,0.0013307976526805,1,none
SUP-00120,"Rivera, Johnson and Wiley",supplier,East,Pharmaceuticals,Large,active,1,10,11,0.0001362206071461,0.001001001001001,9.418106114894841e-24,0.0004866052926998,0.0013757314879775,0,none
SUP-00054,"Robinson, Jones and Welch",supplier,East,Pharmaceuticals,Small,active,0,6,6,0.0,0.0,9.81052720301546e-26,0.0003790359091815,0.0009639074057325,0,none
SUP-00152,"Simmons, Meadows and Griffin",supplier,East,Textiles,Large,active,0,5,5,0.0,0.0,9.81052720301546e-26,0.0003790359091815,0.0007473263999488,0,none
MFG-00104,Jones-Hensley,manufacturer,East,Pharmaceuticals,Medium,active,8,8,16,0.0004663868062587,0.0081081081081081,1.4735411858929234e-22,0.0007576888611359,0.0012622764396433,0,dependent_manufacturer
RET-00096,"Mueller, Stevenson and Sanchez",retailer,North,Electronics,Medium,active,15,0,15,0.0,0.2000265414599465,0.0617458740994065,0.002922051184825,0.0005000725896763,3,none
SUP-00208,Davis and Sons,supplier,Central,Electronics,Large,active,0,2,2,0.0,0.0,9.81052720301546e-26,0.0003790359091815,0.0008909072410311,4,none
WHS-00009,Bryant-Brown,warehouse,East,Textiles,Medium,active,4,3,7,0.007125932608935,0.1676159363497865,0.0183497635808391,0.0015826674007133,0.0010203478236125,0,none
LOG-00094,Dunn-Wilson,logistics_provider,Central,Chemicals,Large,active,0,0,0,0.0,0.0,9.81052720301546e-26,0.0003790359091815,0.0005000725896763,9,none
LOG-00013,Smith LLC,logistics_provider,South,Pharmaceuticals,Enterprise,active,0,3,3,0.0,0.0,9.81052720301546e-26,0.0003790359091815,0.0010590836744031,1,none
SUP-00009,Garcia-James,supplier,North,Pharmaceuticals,Enterprise,active,0,6,6,0.0,0.0,9.81052720301546e-26,0.0003790359091815,0.0012056099770344,3,none
LOG-00058,Bailey LLC,logistics_provider,Central,Pharmaceuticals,Enterprise,active,0,8,8,0.0,0.0,9.81052720301546e-26,0.0003790359091815,0.0018140767207662,4,none
SUP-00037,Smith-Bowen,supplier,East,Pharmaceuticals,Medium,active,0,6,6,0.0,0.0,9.81052720301546e-26,0.0003790359091815,0.00083175680896,0,none
DST-00003,Harper and Sons,distributor,North,Pharmaceuticals,Medium,active,6,6,12,0.0003811042927742,0.158522403146059,0.0113117135688311,0.0013192293598685,0.000872151621951,3,none
WHS-00002,"Marks, Miller and Griffin",warehouse,Central,Chemicals,Small,active,22,6,28,0.0115701913118412,0.1946799740917388,0.0461104606420353,0.0024323970795683,0.001430925660353,4,none
SUP-00254,"Garcia, Martin and Jenkins",supplier,South,Automotive,Medium,active,0,3,3,0.0,0.0,9.81052720301546e-26,0.0003790359091815,0.0009443768002597,1,none
MFG-00004,Jones LLC,manufacturer,Central,Electronics,Enterprise,active,9,9,18,0.0097695888560376,0.2131691336423508,0.0588601767149183,0.0022378389572351,0.0013263839584049,4,dependent_manufacturer
WHS-00097,Ali PLC,warehouse,North,Chemicals,Large,active,10,5,15,0.0019755872048134,0.1765578861387244,0.0214426633177364,0.0007928879178575,0.0010365362116,3,none
DST-00122,"Smith, Rodriguez and Anderson",distributor,Central,Textiles,Small,active,2,4,6,0.000111858309217,0.0062671367019193,1.2121691201501843e-20,0.0005825904842262,0.0006916721075448,4,none
DST-00174,"Rodgers, Jefferson and Johnson",distributor,Central,Textiles,Large,active,2,6,8,0.0004089566487449,0.146626056436183,0.001697910349694,0.000545601816488,0.0006801179972799,4,none
WHS-00083,Adams-Sanders,warehouse,East,Automotive,Large,active,8,3,11,0.0011314542407158,0.1649729587166006,0.0322585583994476,0.001165453224888,0.0010722452840532,0,none
RET-00042,May Ltd,retailer,North,Automotive,Medium,active,18,0,18,0.0,0.229219726055169,0.1322405476661482,0.0035685437666124,0.0005000725896763,3,none
SUP-00263,Martinez-Dudley,supplier,West,Food_Beverage,Small,active,0,5,5,0.0,0.0,9.81052720301546e-26,0.0003790359091815,0.0018483082983456,2,none
DST-00161,Williams-Moses,distributor,North,Textiles,Medium,active,1,8,9,0.0001802516812929,0.0025025025025025,7.963106825415618e-21,0.0004940549494952,0.0009108035988214,3,none
SUP-00298,Schmidt PLC,supplier,East,Chemicals,Small,active,0,3,3,0.0,0.0,9.81052720301546e-26,0.0003790359091815,0.000762345409685,0,none
MFG-00115,Dixon Inc,manufacturer,Central,Electronics,Small,active,9,9,18,0.0015286804044097,0.0099511275981864,8.836341851756019e-22,0.00088362672293,0.0017311944673326,4,none
SUP-00151,Salazar-Ball,supplier,East,Food_Beverage,Small,active,0,5,5,0.0,0.0,9.81052720301546e-26,0.0003790359091815,0.0008665366310549,0,none
LOG-00039,"Clark, Salinas and Guerra",logistics_provider,East,Electronics,Medium,active,0,5,5,0.0,0.0,9.81052720301546e-26,0.0003790359091815,0.0015452935651051,0,none
DST-00191,Young-Molina,distributor,East,Chemicals,Medium,active,5,6,11,0.0020020674482129,0.195089826668774,0.036094481138496,0.0012648304157699,0.0007801510859385,0,none
RET-00040,"Shaffer, Garcia and Richardson",retailer,North,Textiles,Large,active,6,0,6,0.0,0.1838524982432248,0.0406628523462126,0.0013611086089734,0.0005000725896763,3,none
DST-00101,"Baker, Clark and Armstrong",distributor,West,Electronics,Enterprise,active,7,3,10,0.0019833175851479,0.1740471354101619,0.0239030402496899,0.0017306163207514,0.0006841238248161,2,none
RET-00037,"Wallace, Smith and Cooper",retailer,West,Food_Beverage,Medium,active,11,0,11,0.0,0.1918658360376151,0.0402110898016595,0.0022674977831995,0.0005000725896763,2,none
DST-00039,King-Smith,distributor,South,Automotive,Medium,active,8,6,14,0.0004960494551483,0.17523209007984,0.0188705643367111,0.0014690804106173,0.0008623732006245,1,none
SUP-00148,"Holmes, Williams and Wright",supplier,West,Textiles,Medium,active,2,5,7,0.000329490507559,0.002002002002002,1.501010662061365e-23,0.0005341840584868,0.0009858607463458,2,none
SUP-00147,Robinson-Brock,supplier,West,Textiles,Small,active,0,6,6,0.0,0.0,9.81052720301546e-26,0.0003790359091815,0.0011475333541629,2,none
WHS-00071,Landry Ltd,warehouse,North,Automotive,Enterprise,active,12,8,20,0.0067687197837381,0.1740471354101619,0.0175429183477218,0.0010408464070126,0.0018377149470535,3,none
RET-00082,Moore-Ayala,retailer,West,Textiles,Enterprise,active,13,0,13,0.0,0.2179118097757644,0.0827455802302847,0.0028853340408534,0.0005000725896763,2,none
WHS-00090,Miller Group,warehouse,Central,Textiles,Small,active,10,7,17,0.0073112705036663,0.1822117060881106,0.0293737113231791,0.0011522793595939,0.0015502174924119,4,none
WHS-00010,Chambers-Parker,warehouse,East,Chemicals,Large,active,3,5,8,0.0014329540989594,0.1520210156254215,0.0096442427635049,0.0006260590084078,0.0009005153034886,0,none
MFG-00049,Schroeder-Kramer,manufacturer,Central,Chemicals,Medium,active,9,4,13,0.0002578017631735,0.0091000091000091,1.641301201064488e-22,0.0008715246703155,0.0007741853103957,4,none
DST-00014,Spencer-Garcia,distributor,West,Textiles,Enterprise,active,10,5,15,0.0058432158669021,0.1977663639249005,0.0467861044793548,0.0019997553973007,0.0008458177552843,2,none
MFG-00026,"Martinez, Richardson and Curry",manufacturer,West,Automotive,Medium,active,11,6,17,0.0004713277597551,0.011011011011011,6.720211134065596e-23,0.0008006354681073,0.0011642558779778,2,none
SUP-00187,Sanders-Espinoza,supplier,West,Chemicals,Medium,active,0,9,9,0.0,0.0,9.81052720301546e-26,0.0003790359091815,0.0016933527703006,2,none
SUP-00124,"Joyce, Wilson and Lam",supplier,North,Chemicals,Medium,active,0,5,5,0.0,0.0,9.81052720301546e-26,0.0003790359091815,0.0008927080459449,3,none
RET-00004,Li Inc,retailer,East,Electronics,Enterprise,active,10,0,10,0.0,0.1747373041490688,0.0186833279554454,0.0011833421361133,0.0005000725896763,0,none
DST-00159,Huang-Foster,distributor,Central,Pharmaceuticals,Enterprise,active,4,4,8,0.0004240207962589,0.1866126549164813,0.0197397948395401,0.0011243549988545,0.0006512407574219,4,none
SUP-00144,"Lee, Horton and Snyder",supplier,South,Textiles,Large,active,1,2,3,0.0004904704303501,0.001001001001001,5.6901057777489665e-24,0.000475848354348,0.0006147365630592,1,none
RET-00109,Jones-Bradley,retailer,West,Electronics,Medium,active,9,0,9,0.0,0.1996757501176885,0.0813180918531082,0.002596146404387,0.0005000725896763,2,none
SUP-00198,"Adams, Christian and Rivas",supplier,South,Food_Beverage,Medium,active,0,6,6,0.0,0.0,9.81052720301546e-26,0.0003790359091815,0.0011718232859044,1,none
DST-00160,Blevins-Ballard,distributor,East,Automotive,Enterprise,active,4,2,6,0.0002424176974257,0.1991688472546053,0.0432073355586293,0.0019797285263567,0.0005883727275732,0,none
SUP-00280,"Reyes, Chase and Jenkins",supplier,North,Chemicals,Medium,active,0,5,5,0.0,0.0,9.81052720301546e-26,0.0003790359091815,0.0015849374002892,3,none
SUP-00294,Good-Hodges,supplier,South,Food_Beverage,Enterprise,active,0,7,7,0.0,0.0,9.81052720301546e-26,0.0003790359091815,0.0013766910036192,1,none
MFG-00101,Wilson-Jimenez,manufacturer,South,Electronics,Enterprise,active,8,6,14,0.0014493743024567,0.1455730865515425,0.0159219760976743,0.0011470846706475,0.00103505071921,1,none
SUP-00123,Chandler-Edwards,supplier,Central,Electronics,Small,active,1,7,8,0.0002242037646179,0.001001001001001,9.418106114894841e-24,0.0004597129468203,0.0013350550055529,4,none
SUP-00184,"Higgins, Strickland and Martin",supplier,East,Pharmaceuticals,Large,active,0,5,5,0.0,0.0,9.81052720301546e-26,0.0003790359091815,0.0009300968960629,0,none
SUP-00203,Peterson-Beard,supplier,North,Automotive,Enterprise,active,0,5,5,0.0,0.0,9.81052720301546e-26,0.0003790359091815,0.0017365823109715,3,none
MFG-00139,Davis-Gregory,manufacturer,South,Textiles,Small,active,9,6,15,0.0039737675343951,0.1597718408063236,0.0373825601229899,0.0009268488884755,0.0008053201106931,1,none
SUP-00247,Davis Ltd,supplier,East,Chemicals,Enterprise,active,0,4,4,0.0,0.0,9.81052720301546e-26,0.0003790359091815,0.0006963642849035,0,none
MFG-00116,"Hicks, Bullock and Bailey",manufacturer,West,Food_Beverage,Large,active,6,8,14,0.0028991156707702,0.1604436491896299,0.0373825601229899,0.0008889708156954,0.0009464374347059,2,none
RET-00083,"Craig, Wilson and Yang",retailer,Central,Food_Beverage,Enterprise,active,4,0,4,0.0,0.1386833623984402,0.0028516749104028,0.0005839771670538,0.0005000725896763,4,none
LOG-00016,Hawkins-Hunt,logistics_provider,Central,Chemicals,Medium,active,0,5,5,0.0,0.0,9.81052720301546e-26,0.0003790359091815,0.0024788090801491,4,none
RET-00057,Cruz-Allen,retailer,East,Automotive,Large,active,11,0,11,0.0,0.1998043068928374,0.0571109309201772,0.0018971989505145,0.0005000725896763,0,none
LOG-00086,"Brown, Howard and Smith",logistics_provider,North,Chemicals,Enterprise,active,0,3,3,0.0,0.0,9.81052720301546e-26,0.0003790359091815,0.0011367543113492,3,none
RET-00038,Mcneil Group,retailer,East,Textiles,Enterprise,active,7,0,7,0.0,0.1933483779637625,0.0445517470394298,0.0019460442493794,0.0005000725896763,0,none
SUP-00130,Cortez LLC,supplier,North,Automotive,Enterprise,active,0,5,5,0.0,0.0,9.81052720301546e-26,0.0003790359091815,0.0009802541917021,3,none
DST-00188,Morales Inc,distributor,South,Food_Beverage,Small,active,5,7,12,0.001713807720741,0.1713800987248807,0.0502857530128029,0.0010022462305138,0.0008037954765903,1,none
MFG-00103,"Hall, Hansen and Barnett",manufacturer,Central,Electronics,Small,active,7,5,12,0.0002782965682979,0.0071182293404515,1.8836212229789695e-22,0.000807916323838,0.0010643457727513,4,none
LOG-00035,Diaz-Frederick,logistics_provider,West,Pharmaceuticals,Medium,active,0,3,3,0.0,0.0,9.81052720301546e-26,0.0003790359091815,0.0006926088437949,2,none
LOG-00021,Armstrong and Sons,logistics_provider,Central,Textiles,Medium,active,0,0,0,0.0,0.0,9.81052720301546e-26,0.0003790359091815,0.0005000725896763,10,none
WHS-00086,Sutton-Abbott,warehouse,South,Food_Beverage,Medium,active,13,5,18,0.0055874554649445,0.1975856453468393,0.0598224090587697,0.0015915418433398,0.0008464052819521,1,none
RET-00064,Hunter-Fuller,retailer,West,Electronics,Medium,active,2,0,2,0.0,0.1242899715730983,0.0002231193929558,0.0004846280475518,0.0005000725896763,0,none
SUP-00220,Terry-Martinez,supplier,North,Textiles,Medium,active,0,3,3,0.0,0.0,9.81052720301546e-26,0.0003790359091815,0.0006758094512338,3,none
DST-00192,Turner-Sharp,distributor,East,Textiles,Large,active,5,10,15,0.0060027843716888,0.1904502858701332,0.0406963196980667,0.0017231083756923,0.0009240815773179,0,none
RET-00066,"Herrera, Jensen and Ramirez",retailer,East,Textiles,Enterprise,active,17,0,17,0.0,0.2231009243329572,0.082819896738998,0.0024912918145631,0.0005000725896763,0,none
LOG-00003,Davis and Sons,logistics_provider,East,Pharmaceuticals,Small,active,0,6,6,0.0,0.0,9.81052720301546e-26,0.0003790359091815,0.0014040801922309,0,none
LOG-00057,Guerra Ltd,logistics_provider,South,Automotive,Medium,active,0,2,2,0.0,0.0,9.81052720301546e-26,0.0003790359091815,0.0008894087182234,1,none
RET-00070,Collins Group,retailer,West,Automotive,Medium,active,3,0,3,0.0,0.1721700519688341,0.0226588238272616,0.0009869168069413,0.0005000725896763,2,none
DST-00175,Butler and Sons,distributor,East,Pharmaceuticals,Medium,active,1,5,6,0.0001797844051796,0.1434801313146812,0.0032062001307992,0.0007887558923286,0.0007687381494819,0,none
RET-00025,Smith-Noble,retailer,East,Textiles,Small,active,6,0,6,0.0,0.1776828486997057,0.0210604595943806,0.0009952410010481,0.0005000725896763,0,none
LOG-00011,Moore-Dawson,logistics_provider,North,Chemicals,Large,active,0,3,3,0.0,0.0,9.81052720301546e-26,0.0003790359091815,0.0009407835714457,3,none
MFG-00087,"Morales, Thomas and Schultz",manufacturer,West,Chemicals,Large,active,11,9,20,0.0011357044417937,0.0112779446112779,7.512901732069237e-22,0.0012738556968561,0.0012692904578994,2,none
RET-00123,Green-Ewing,retailer,South,Automotive,Medium,active,9,0,9,0.0,0.2058971384743281,0.0801444252283121,0.0015825709636461,0.0005000725896763,1,none
DST-00060,Williams-Berg,distributor,Central,Pharmaceuticals,Small,active,9,5,14,0.0012215115846062,0.1827249784996264,0.0265249987340882,0.0017651376726302,0.0007154000194179,4,none
SUP-00268,Jimenez Ltd,supplier,Central,Food_Beverage,Enterprise,active,1,3,4,7.245569088208614e-05,0.001001001001001,3.8261056091760304e-24,0.0004286833169592,0.0008152215712286,4,none
LOG-00070,Goodwin-Stokes,logistics_provider,West,Pharmaceuticals,Large,active,0,4,4,0.0,0.0,9.81052720301546e-26,0.0003790359091815,0.00224979785564,2,none
MFG-00142,Rangel LLC,manufacturer,West,Chemicals,Small,active,2,7,9,0.0001072915675268,0.002002002002002,1.128210628346778e-23,0.000448187655729,0.0010037028356134,2,none
DST-00047,Blackwell LLC,distributor,West,Textiles,Enterprise,active,7,7,14,0.0027556060016311,0.1687057668852207,0.0207229447563454,0.001261003788904,0.0007497059036481,2,none
SUP-00113,"Rodriguez, Brennan and Garrison",supplier,South,Automotive,Small,active,0,9,9,0.0,0.0,9.81052720301546e-26,0.0003790359091815,0.0013243547198435,1,none
WHS-00042,Atkinson LLC,warehouse,South,Food_Beverage,Large,active,14,5,19,0.007514616420197,0.2113632041947454,0.1305936979378876,0.0034725877503973,0.0009702479006429,1,none
SUP-00233,"Clark, Guerrero and Moore",supplier,West,Textiles,Enterprise,active,0,9,9,0.0,0.0,9.81052720301546e-26,0.0003790359091815,0.0014980225458144,2,none
RET-00020,Donaldson and Sons,retailer,South,Electronics,Enterprise,active,15,0,15,0.0,0.2247934141037589,0.0918105507100986,0.0020770926143344,0.0005000725896763,1,none
DST-00158,"Hill, Martinez and Rhodes",distributor,East,Food_Beverage,Small,active,1,3,4,5.725464995259067e-05,0.1467252451006963,0.005236295745053,0.0006320975047522,0.0006997483144844,0,none
WHS-00022,Avila LLC,warehouse,North,Food_Beverage,Enterprise,active,26,3,29,0.0051482155928491,0.1835003320151835,0.0302344916909478,0.0028327252582305,0.0009255260244192,3,none
MFG-00074,"Watson, Anderson and Brown",manufacturer,Central,Textiles,Large,active,5,8,13,0.000598613388,0.0051480051480051,3.766261393237634e-22,0.0007205102264419,0.0015301813607255,4,none
RET-00132,Davis LLC,retailer,South,Pharmaceuticals,Enterprise,active,10,0,10,0.0,0.1968774708708102,0.0621393703209739,0.0020581813585356,0.0005000725896763,1,none
LOG-00093,Cunningham-Barton,logistics_provider,Central,Pharmaceuticals,Enterprise,active,0,3,3,0.0,0.0,9.81052720301546e-26,0.0003790359091815,0.0012232280873083,4,none
SUP-00234,Arnold and Sons,supplier,East,Electronics,Enterprise,active,0,3,3,0.0,0.0,9.81052720301546e-26,0.0003790359091815,0.0006590934373817,0,none
LOG-00036,Vargas PLC,logistics_provider,West,Automotive,Enterprise,active,0,9,9,0.0,0.0,9.81052720301546e-26,0.0003790359091815,0.0013017220288984,2,none
WHS-00027,Mendez-Mayer,warehouse,North,Food_Beverage,Medium,active,23,6,29,0.0063992184409719,0.2109507881865605,0.0487523670437018,0.0024931419031208,0.0014442490039923,3,none
MFG-00018,Burgess-Thompson,manufacturer,South,Food_Beverage,Medium,active,9,8,17,0.0029074771913536,0.1471248976352174,0.0106879545169351,0.0010297334589322,0.0015089257532652,1,none
DST-00199,"Zhang, Brooks and Miles",distributor,Central,Electronics,Small,active,4,7,11,0.0007537389218738,0.141016016016016,0.006658559000589,0.0009386703993421,0.0009009362068784,4,none
MFG-00111,Kim Inc,manufacturer,South,Electronics,Large,active,8,8,16,0.0023213455170372,0.1600872837299293,0.0069691883662149,0.0008998584329392,0.0020997089072328,1,none
RET-00049,"Cruz, Richmond and Edwards",retailer,West,Textiles,Enterprise,active,11,0,11,0.0,0.2212834015278007,0.0685761710295435,0.0018900292026972,0.0005000725896763,2,none
WHS-00060,Edwards-Williams,warehouse,East,Pharmaceuticals,Enterprise,active,11,3,14,0.0012456599394182,0.2008277627472674,0.0395165784853373,0.0014391053205632,0.0007430202062429,0,none
MFG-00059,"Turner, Schneider and Johnson",manufacturer,South,Food_Beverage,Enterprise,active,10,3,13,0.0007047819732309,0.0100934267600934,2.088661241521992e-22,0.0008902889434821,0.000936969203426,1,none
SUP-00259,Gutierrez-Lopez,supplier,Central,Automotive,Enterprise,active,0,10,10,0.0,0.0,9.81052720301546e-26,0.0003790359091815,0.0015456624450312,4,none
WHS-00095,Lam-Elliott,warehouse,East,Pharmaceuticals,Enterprise,active,3,3,6,0.0010677689325046,0.1698543267016689,0.0155205073007632,0.0011098606819816,0.0008866625261068,0,none
DST-00178,Mcdowell-Smith,distributor,South,Food_Beverage,Small,active,3,7,10,0.0003748372974281,0.1372273479318116,0.0024044820722342,0.0006548742381774,0.0010130461291861,1,none
DST-00183,Simon Ltd,distributor,Central,Food_Beverage,Enterprise,active,1,8,9,5.535689542592237e-05,0.006328909554716,1.547316350459598e-20,0.0004516485267833,0.0007039229804444,4,none
SUP-00283,"Pollard, Simpson and Johnson",supplier,South,Automotive,Medium,active,0,5,5,0.0,0.0,9.81052720301546e-26,0.0003790359091815,0.0017252003894344,1,none
MFG-00077,Schmitt PLC,manufacturer,North,Food_Beverage,Small,active,20,5,25,0.0020499299629775,0.1616028085883591,0.0200721554599608,0.0020018801390413,0.0008618498354688,3,none
MFG-00085,"Farmer, Dorsey and Bell",manufacturer,West,Electronics,Large,active,3,7,10,0.0001908424798322,0.003003003003003,2.2466107294905404e-23,0.0005565253919867,0.0008962514647159,2,none
SUP-00225,Jones-Soto,supplier,North,Food_Beverage,Enterprise,active,0,6,6,0.0,0.0,9.81052720301546e-26,0.0003790359091815,0.0011912536279741,3,none
RET-00104,Barnes Inc,retailer,South,Chemicals,Medium,active,12,0,12,0.0,0.191904886929909,0.0378695767917752,0.0016622269951152,0.0005000725896763,1,none
LOG-00065,Hall-Sullivan,logistics_provider,West,Pharmaceuticals,Enterprise,active,0,5,5,0.0,0.0,9.81052720301546e-26,0.0003790359091815,0.0010388681210713,2,none
DST-00023,Moody-Taylor,distributor,East,Electronics,Small,active,0,5,5,0.0,0.0,9.81052720301546e-26,0.0003790359091815,0.0007519340347959,0,none
MFG-00048,Willis and Sons,manufacturer,South,Textiles,Enterprise,active,16,11,27,0.0064449495896123,0.1781091910141883,0.0235766775288807,0.0016346374633182,0.0014087364629895,1,none
DST-00056,Morrison-Short,distributor,Central,Textiles,Enterprise,active,3,6,9,0.0003716500492636,0.1660285829725297,0.013535628679524,0.0007750866438314,0.0007015710107393,4,none
DST-00190,Boyle-Smith,distributor,East,Pharmaceuticals,Medium,active,7,7,14,0.0020363560188737,0.1950311706775928,0.0311793758288984,0.001615185756803,0.0010341696257036,0,none
RET-00138,Ramirez-Stephenson,retailer,East,Electronics,Large,active,12,0,12,0.0,0.1947891259366669,0.0443813234169138,0.0021277980750991,0.0005000725896763,0,none
RET-00079,Nelson-Brown,retailer,South,Chemicals,Large,active,8,0,8,0.0,0.2061129275075392,0.1088976738604775,0.0015140673808708,0.0005000725896763,1,none
RET-00056,"Brown, Hurst and Blevins",retailer,West,Pharmaceuticals,Medium,active,8,0,8,0.0,0.2143000989154835,0.0518567479963983,0.0010589098365872,0.0005000725896763,2,none
DST-00170,Russell Group,distributor,South,Electronics,Enterprise,active,2,8,10,0.001854554696592,0.15736867386552,0.0047335922520964,0.0006142683211472,0.0011007729603252,1,none
RET-00006,Werner-Carter,retailer,Central,Textiles,Enterprise,active,12,0,12,0.0,0.1889567828698263,0.0524627920312707,0.0018788384585899,0.0005000725896763,4,none
LOG-00054,Barton-Chapman,logistics_provider,South,Textiles,Large,active,0,1,1,0.0,0.0,9.81052720301546e-26,0.0003790359091815,0.0006471808360849,1,none
DST-00196,"Carrillo, Vaughn and Fowler",distributor,Central,Chemicals,Medium,active,6,9,15,0.0007871511976376,0.1345516850598783,0.0038215520067235,0.0008649572906869,0.0009156222083463,4,none
LOG-00097,"Alexander, Robinson and Coleman",logistics_provider,South,Pharmaceuticals,Enterprise,active,0,4,4,0.0,0.0,9.81052720301546e-26,0.0003790359091815,0.0014317707855964,1,none
DST-00107,Marshall-Peterson,distributor,East,Food_Beverage,Medium,active,2,4,6,0.0002110197473971,0.1552593761784762,0.00921656776541,0.0006958635753724,0.000602580499682,0,none
RET-00108,"Miller, Davis and Anderson",retailer,South,Pharmaceuticals,Enterprise,active,9,0,9,0.0,0.1924146696873969,0.0368266126230711,0.0015840820022889,0.0005000725896763,1,none
DST-00128,Brooks-Hatfield,distributor,South,Electronics,Large,active,10,5,15,0.0054951513429694,0.1773786364981333,0.0201668498435235,0.0016896285070577,0.0008197986362916,1,none
LOG-00046,"Woodard, Herrera and Little",logistics_provider,North,Electronics,Enterprise,active,0,6,6,0.0,0.0,9.81052720301546e-26,0.0003790359091815,0.0019118598184136,3,none
SUP-00086,Smith PLC,supplier,West,Food_Beverage,Enterprise,active,0,5,5,0.0,0.0,9.81052720301546e-26,0.0003790359091815,0.0011093254562955,2,none
SUP-00243,Gonzales-Harrison,supplier,East,Pharmaceuticals,Enterprise,active,1,4,5,0.0002421827154626,0.001001001001001,3.8261056091760304e-24,0.0004866052926998,0.0008146933488802,0,none
WHS-00049,"Morrison, Russo and Lopez",warehouse,North,Textiles,Enterprise,active,13,1,14,0.0016786647287764,0.2067815344831602,0.0790183242642183,0.0020823891965679,0.0011311919297744,3,none
SUP-00160,Russell-Daniels,supplier,East,Automotive,Medium,active,0,2,2,0.0,0.0,9.81052720301546e-26,0.0003790359091815,0.0005684719335544,0,none
DST-00075,Gonzalez-Taylor,distributor,East,Pharmaceuticals,Small,active,3,6,9,0.0004497821049923,0.1667828382370572,0.025531622580148,0.0005870823525237,0.0006704729729346,0,none
SUP-00036,Rodriguez-Graham,supplier,Central,Food_Beverage,Enterprise,active,0,5,5,0.0,0.0,9.81052720301546e-26,0.0003790359091815,0.0012120238770357,4,none
DST-00091,"Matthews, Saunders and Anderson",distributor,West,Automotive,Enterprise,active,4,3,7,0.0001469212834926,0.1711279700753385,0.0151190106142923,0.0009141745352406,0.0006585361736083,2,none
SUP-00171,Meadows PLC,supplier,West,Food_Beverage,Enterprise,active,0,6,6,0.0,0.0,9.81052720301546e-26,0.0003790359091815,0.0013427819318159,2,none
WHS-00005,Murphy PLC,warehouse,West,Automotive,Enterprise,active,7,7,14,0.0040563223374886,0.1847020710915927,0.0195764267235914,0.0010288070248368,0.0009615893734584,2,none
RET-00041,Taylor-Ayala,retailer,South,Chemicals,Small,active,5,0,5,0.0,0.1963424777434439,0.040807092798322,0.0007548224382456,0.0005000725896763,0,none
RET-00008,"Ochoa, Taylor and Brady",retailer,Central,Automotive,Small,active,16,0,16,0.0,0.2093416150649855,0.1024573125004835,0.002448934081552,0.0005000725896763,4,none
LOG-00098,"Greer, Potter and Evans",logistics_provider,South,Textiles,Small,active,0,2,2,0.0,0.0,9.81052720301546e-26,0.0003790359091815,0.0007207796493026,1,none
RET-00095,Wood LLC,retailer,North,Automotive,Enterprise,active,13,0,13,0.0,0.2083416110261748,0.0578109074117833,0.0022141815435052,0.0005000725896763,3,none
WHS-00084,Chung-Stevens,warehouse,North,Electronics,Medium,active,17,6,23,0.0113221135054276,0.1846494943562976,0.0204985516002519,0.0017678868278616,0.0015444913811976,3,none
SUP-00096,Harris-Walters,supplier,South,Electronics,Small,active,0,5,5,0.0,0.0,9.81052720301546e-26,0.0003790359091815,0.0007048816079795,1,none
DST-00114,Wright-Grimes,distributor,North,Electronics,Enterprise,active,3,6,9,0.0019409218047322,0.1689254358525191,0.0103988988565692,0.0007725229222833,0.0009713204187814,3,none
SUP-00241,Jones and Sons,supplier,West,Chemicals,Enterprise,active,0,5,5,0.0,0.0,9.81052720301546e-26,0.0003790359091815,0.000878322120534,2,none
WHS-00093,Lewis Ltd,warehouse,South,Textiles,Enterprise,active,19,5,24,0.0132330087040853,0.183034332300698,0.0419733661954988,0.0024633041550943,0.0022148157261327,1,none
DST-00125,"Lee, Tran and Jones",distributor,North,Automotive,Small,active,2,7,9,0.0003253090528288,0.162452710662077,0.0098045589372931,0.0007459676666674,0.000791065302888,3,none
WHS-00041,White-Medina,warehouse,East,Textiles,Large,active,43,8,51,0.0221079729606142,0.2412323070560333,0.1184885280452437,0.0061179348097392,0.0011940689581109,0,none
DST-00011,Strickland-Shaw,distributor,North,Pharmaceuticals,Medium,active,6,6,12,0.0007146622859887,0.1367355973173848,0.0027060964577576,0.0008200959896515,0.0007817513968332,3,none
DST-00104,Ballard Ltd,distributor,South,Electronics,Large,active,2,4,6,0.0024293018376638,0.1631883455782827,0.0459210828493683,0.0005859479995564,0.0006951693462497,1,none
RET-00039,"Anderson, Jones and Reyes",retailer,West,Pharmaceuticals,Enterprise,active,5,0,5,0.0,0.1938260167768364,0.0420799473881694,0.0012352428619225,0.0005000725896763,2,none
SUP-00207,"Alvarez, Joseph and West",supplier,North,Food_Beverage,Small,active,2,5,7,0.0001953072537223,0.002002002002002,1.1282106283467783e-23,0.0004458825975108,0.0007633455006674,3,none
MFG-00093,Webster Inc,manufacturer,Central,Food_Beverage,Medium,active,3,6,9,0.0005073060179303,0.004004004004004,6.8977816764401715e-22,0.0006044857770653,0.001301169918225,4,none
LOG-00045,"Barnes, Johnson and Schmitt",logistics_provider,South,Automotive,Medium,active,0,3,3,0.0,0.0,9.81052720301546e-26,0.0003790359091815,0.0016266595243654,1,none
MFG-00098,"Estrada, Williams and Foster",manufacturer,South,Automotive,Small,active,12,8,20,0.0035647251236941,0.168793565879176,0.0193387696547899,0.0013019005399975,0.0015804883798355,1,none
LOG-00017,Johnson LLC,logistics_provider,South,Chemicals,Small,active,0,4,4,0.0,0.0,9.81052720301546e-26,0.0003790359091815,0.0018286723962795,1,none
LOG-00099,Cole LLC,logistics_provider,Central,Electronics,Small,active,0,5,5,0.0,0.0,9.81052720301546e-26,0.0003790359091815,0.0018958491747865,4,none
SUP-00218,Erickson and Sons,supplier,Central,Chemicals,Enterprise,active,1,3,4,7.9392851047271e-05,0.001001001001001,5.6901057777489665e-24,0.0004435775392925,0.0008855503994785,4,none
SUP-00005,"Guzman, Hoffman and Baldwin",supplier,North,Electronics,Medium,active,0,9,9,0.0,0.0,9.81052720301546e-26,0.0003790359091815,0.0022533111085691,3,none
LOG-00019,Smith-Gutierrez,logistics_provider,North,Textiles,Small,active,0,1,1,0.0,0.0,9.81052720301546e-26,0.0003790359091815,0.0006750547583237,3,none
DST-00193,Green LLC,distributor,North,Automotive,Medium,active,3,3,6,0.0015821880095742,0.1753646049401659,0.0194221600417884,0.0006481988491042,0.0006862106072355,3,none
RET-00080,"Proctor, Burton and Crawford",retailer,South,Automotive,Medium,active,12,0,12,0.0,0.1912547607601748,0.0807863141740692,0.0019220352190733,0.0005000725896763,1,none
DST-00163,"Scott, Mendoza and Harris",distributor,East,Chemicals,Large,active,0,5,5,0.0,0.0,9.81052720301546e-26,0.0003790359091815,0.0006892430692765,0,none
WHS-00089,Walsh Ltd,warehouse,North,Electronics,Large,active,18,1,19,3.6166363265005e-05,0.2032779888359757,0.0479605260434114,0.0019439591117117,0.0005155126311876,3,none
DST-00097,"Ferguson, Shaw and Jackson",distributor,North,Pharmaceuticals,Large,active,12,4,16,0.0049410438116325,0.1716976372878967,0.0258577699945771,0.0020242302289245,0.0007739726232818,3,none
WHS-00076,Williamson Ltd,warehouse,South,Electronics,Medium,active,17,4,21,0.0060369157219526,0.1920289146458477,0.0463379779330075,0.0022504154678252,0.0009174831839491,1,none
WHS-00034,"Flores, Harper and Chambers",warehouse,South,Electronics,Enterprise,active,2,2,4,5.202899881145261e-06,0.002002002002002,1.1282106283467783e-23,0.0004360337123964,0.0005789910922719,1,none
SUP-00099,Williams-Cook,supplier,Central,Electronics,Enterprise,active,0,5,5,0.0,0.0,9.81052720301546e-26,0.0003790359091815,0.0010889444986019,4,none
LOG-00055,"Hernandez, Cuevas and Webb",logistics_provider,South,Chemicals,Large,active,0,4,4,0.0,0.0,9.81052720301546e-26,0.0003790359091815,0.0013837903832698,1,none
WHS-00078,"Arnold, Smith and Moreno",warehouse,West,Automotive,Enterprise,active,3,3,6,0.0024457077785356,0.1587940449629556,0.0162497405788554,0.0010243420344281,0.0014238567918902,2,none
DST-00124,Williams-Williams,distributor,West,Automotive,Large,active,12,7,19,0.0009119090761476,0.1987358068853167,0.0687429216358602,0.0035960513436668,0.0007262724122134,2,none
MFG-00107,Berry-Mckinney,manufacturer,South,Automotive,Medium,active,6,9,15,0.0004965611030553,0.0061311311311311,1.4549011842071941e-22,0.0007007315134422,0.0013365042350086,1,dependent_manufacturer
DST-00053,Morgan-Lopez,distributor,East,Food_Beverage,Enterprise,active,0,3,3,0.0,0.0,9.81052720301546e-26,0.0003790359091815,0.0006976462706805,0,none
SUP-00048,"Martin, Rose and Obrien",supplier,Central,Pharmaceuticals,Small,active,0,4,4,0.0,0.0,9.81052720301546e-26,0.0003790359091815,0.0012349184631206,4,none
SUP-00033,"Ferrell, Rice and Maddox",supplier,West,Chemicals,Enterprise,active,0,6,6,0.0,0.0,9.81052720301546e-26,0.0003790359091815,0.0013567759195833,2,none
LOG-00030,"Mccann, Taylor and Flores",logistics_provider,North,Chemicals,Medium,active,0,2,2,0.0,0.0,9.81052720301546e-26,0.0003790359091815,0.0006334236435894,3,none
LOG-00090,Miller Inc,logistics_provider,North,Automotive,Enterprise,active,0,3,3,0.0,0.0,9.81052720301546e-26,0.0003790359091815,0.003125863145494,3,none
SUP-00201,"Barnett, Rogers and Snyder",supplier,North,Chemicals,Enterprise,active,0,6,6,0.0,0.0,9.81052720301546e-26,0.0003790359091815,0.0018871749851271,3,none
SUP-00135,Mitchell-Jordan,supplier,East,Pharmaceuticals,Small,active,0,4,4,0.0,0.0,9.81052720301546e-26,0.0003790359091815,0.0006963850960202,0,none
SUP-00028,"Hoffman, Baker and Richards",supplier,East,Electronics,Medium,active,0,6,6,0.0,0.0,9.81052720301546e-26,0.0003790359091815,0.0010379650467137,0,none
RET-00031,Watson Ltd,retailer,West,Chemicals,Medium,active,9,0,9,0.0,0.2102227993875849,0.0600529801750763,0.0022931406573237,0.0005000725896763,2,none
SUP-00231,"Branch, Torres and Oliver",supplier,East,Pharmaceuticals,Small,active,0,3,3,0.0,0.0,9.81052720301546e-26,0.0003790359091815,0.0006565059998331,0,none
DST-00040,Cooper Ltd,distributor,North,Textiles,Small,active,0,9,9,0.0,0.0,9.81052720301546e-26,0.0003790359091815,0.0009380985846274,3,none
LOG-00023,Thomas-Jackson,logistics_provider,North,Chemicals,Medium,active,0,2,2,0.0,0.0,9.81052720301546e-26,0.0003790359091815,0.0006378755467199,3,none
MFG-00079,Moore Group,manufacturer,Central,Automotive,Small,active,5,7,12,0.001896498481948,0.1727953312929338,0.01663388695101,0.0008081749190174,0.0008954680296752,4,none
SUP-00289,"Miller, Murphy and Craig",supplier,West,Electronics,Small,active,0,3,3,0.0,0.0,9.81052720301546e-26,0.0003790359091815,0.0010750952635499,2,none
MFG-00119,Morrison Ltd,manufacturer,Central,Electronics,Large,active,4,5,9,0.0002888492886992,0.004004004004004,2.805810780062421e-23,0.0006152058697906,0.0010460780873232,4,none
WHS-00025,Hill Ltd,warehouse,West,Textiles,Enterprise,active,25,7,32,0.0117377425274217,0.2089799206422918,0.0409413347481269,0.0027757114659824,0.0013008807275368,2,none
MFG-00092,Ware and Sons,manufacturer,West,Food_Beverage,Large,active,13,8,21,0.0074578591396493,0.1795885032319141,0.0312571115271782,0.0029993445540576,0.0012938406791631,2,none
DST-00143,"Allen, Armstrong and Graves",distributor,North,Chemicals,Enterprise,active,3,11,14,0.0025897091512467,0.1787964921923025,0.0230165801747537,0.0006153557004359,0.0010600503881676,3,none
DST-00049,"Kennedy, Johnson and Lucas",distributor,East,Pharmaceuticals,Enterprise,active,3,6,9,0.0003748086893277,0.1595753194769185,0.0104013091421206,0.0008862539078556,0.0006542967131432,0,none
SUP-00139,"Harvey, Davis and Crane",supplier,South,Electronics,Medium,active,0,8,8,0.0,0.0,9.81052720301546e-26,0.0003790359091815,0.0013071126685888,1,none
SUP-00063,Wright and Sons,supplier,West,Textiles,Enterprise,active,0,8,8,0.0,0.0,9.81052720301546e-26,0.0003790359091815,0.0010359785149763,2,none
DST-00022,Combs Ltd,distributor,South,Automotive,Large,active,6,6,12,0.0026365197100642,0.1776701379549914,0.0217704356923438,0.0009698180779003,0.0009395203250554,1,none
DST-00198,Mendoza Group,distributor,South,Chemicals,Large,active,8,2,10,0.0010137027159942,0.1885131280655837,0.0558690773910209,0.0028070660871872,0.0006014915131012,1,none
SUP-00129,"Mccall, Hanson and Alvarado",supplier,East,Pharmaceuticals,Medium,active,0,3,3,0.0,0.0,9.81052720301546e-26,0.0003790359091815,0.0011689854625207,0,none
RET-00127,Anderson Group,retailer,Central,Chemicals,Medium,active,13,0,13,0.0,0.2216381343852373,0.0934981392728342,0.0014394092121429,0.0005000725896763,4,none
DST-00071,Johnson and Sons,distributor,East,Electronics,Medium,active,8,5,13,0.0022428777480125,0.1866686830715608,0.0231146320832486,0.001927939688797,0.0008264807653498,0,none
LOG-00089,Mckinney-Wallace,logistics_provider,Central,Pharmaceuticals,Medium,active,0,5,5,0.0,0.0,9.81052720301546e-26,0.0003790359091815,0.001300701684143,4,none
RET-00113,Chavez-Hall,retailer,Central,Electronics,Medium,active,16,0,16,0.0,0.2148691820715434,0.0733667388379633,0.0026797096005711,0.0005000725896763,4,none
SUP-00065,Baxter Inc,supplier,North,Automotive,Small,active,0,4,4,0.0,0.0,9.81052720301546e-26,0.0003790359091815,0.000834414374129,3,none
LOG-00063,"Marsh, Spears and Yang",logistics_provider,Central,Automotive,Enterprise,active,0,4,4,0.0,0.0,9.81052720301546e-26,0.0003790359091815,0.0026550905619284,4,none
SUP-00015,Williams and Sons,supplier,Central,Electronics,Enterprise,active,0,2,2,0.0,0.0,9.81052720301546e-26,0.0003790359091815,0.0015140766453098,4,none
SUP-00157,"Mitchell, Nelson and Flores",supplier,West,Chemicals,Enterprise,active,0,6,6,0.0,0.0,9.81052720301546e-26,0.0003790359091815,0.0008514289417929,2,none
SUP-00041,Ryan PLC,supplier,Central,Electronics,Enterprise,active,0,10,10,0.0,0.0,9.81052720301546e-26,0.0003790359091815,0.0014808785957604,4,critical_supplier
DST-00043,Li-Thompson,distributor,South,Electronics,Medium,active,10,11,21,0.0089231654510744,0.2010144634873485,0.0577169776857992,0.0014925997740028,0.0013010612221983,1,none
MFG-00080,Boone LLC,manufacturer,West,Electronics,Large,active,6,3,9,0.0001743788214173,0.006006006006006,5.22901099920724e-23,0.0007998006684136,0.0007461066623953,2,none
SUP-00188,Vargas Ltd,supplier,South,Electronics,Enterprise,active,3,7,10,0.0006209256897734,0.003003003003003,2.060210712633246e-23,0.00096042281534,0.0009525908469214,1,none
LOG-00014,Ward-Nelson,logistics_provider,South,Food_Beverage,Large,active,0,3,3,0.0,0.0,9.81052720301546e-26,0.0003790359091815,0.0014809275961566,1,none
SUP-00217,Perez-White,supplier,Central,Electronics,Large,active,1,5,6,0.000124867784206,0.001001001001001,9.418106114894841e-24,0.000525721432161,0.001414723609674,4,none
LOG-00042,"Moore, Henderson and Bennett",logistics_provider,East,Food_Beverage,Enterprise,active,0,6,6,0.0,0.0,9.81052720301546e-26,0.0003790359091815,0.0009977123368482,0,none
SUP-00053,Chapman and Sons,supplier,North,Electronics,Large,active,0,4,4,0.0,0.0,9.81052720301546e-26,0.0003790359091815,0.0009464122411152,3,none
RET-00029,Baxter LLC,retailer,South,Textiles,Medium,active,13,0,13,0.0,0.2117936650100393,0.1405487154718147,0.0028451781883475,0.0005000725896763,1,none
MFG-00038,Bass PLC,manufacturer,North,Automotive,Enterprise,active,15,8,23,0.0062099434089306,0.1871533969052722,0.0392730113495401,0.0026783784103965,0.001868201480745,3,none
WHS-00099,Hickman-Evans,warehouse,South,Textiles,Enterprise,active,3,2,5,3.5144986158123546e-05,0.0032032032032032,2.703781297151061e-22,0.0006101922279309,0.000675407610741,1,none
WHS-00070,"Bernard, Warren and Combs",warehouse,East,Electronics,Large,active,18,7,25,0.0153528450504538,0.2079082287415621,0.0427222044985045,0.0024227558520417,0.0012910255475826,0,none
WHS-00075,Wagner LLC,warehouse,South,Electronics,Medium,active,2,8,10,0.0031863129175704,0.1543726020165811,0.0137935087769525,0.0004738049892212,0.0010828103067884,1,none
SUP-00296,Williams Inc,supplier,West,Electronics,Enterprise,active,0,4,4,0.0,0.0,9.81052720301546e-26,0.0003790359091815,0.0011276461705727,2,none
WHS-00052,Giles Ltd,warehouse,North,Textiles,Small,active,1,5,6,0.0003483383090166,0.1449226259324561,0.002546865524541,0.0003963420836108,0.0013395830070664,3,none
SUP-00252,"Graham, Olsen and Costa",supplier,East,Chemicals,Large,active,0,6,6,0.0,0.0,9.81052720301546e-26,0.0003790359091815,0.001125312121616,0,none
WHS-00077,"Durham, Hopkins and Smith",warehouse,South,Electronics,Small,active,8,5,13,0.000865822360675,0.1772816817911106,0.0336155010499756,0.0013121924511683,0.0008053647776305,1,none
DST-00012,Burch-Montoya,distributor,Central,Electronics,Small,active,2,6,8,0.0001184251388322,0.0055611166722277,1.0495302001785938e-21,0.0004764571709166,0.0007687819347326,4,none
DST-00006,Diaz-Ball,distributor,North,Chemicals,Medium,active,1,5,6,0.0004865016259687,0.1381332354501009,0.003760588725992,0.000734947223996,0.0006385619622215,3,none
RET-00147,Durham-Shaw,retailer,East,Automotive,Small,active,9,0,9,0.0,0.2099729694175932,0.0610782361956008,0.0017354155565584,0.0005000725896763,0,none
LOG-00066,Lopez Ltd,logistics_provider,South,Pharmaceuticals,Large,active,0,3,3,0.0,0.0,9.81052720301546e-26,0.0003790359091815,0.001127850293367,1,none
RET-00013,Burton-Brooks,retailer,East,Automotive,Enterprise,active,11,0,11,0.0,0.2135279727811663,0.0946812402810972,0.0022059708719141,0.0005000725896763,0,none
SUP-00270,Baird-Sanchez,supplier,East,Textiles,Small,active,0,6,6,0.0,0.0,9.81052720301546e-26,0.0003790359091815,0.0010098456133283,0,none
SUP-00202,White-Lewis,supplier,South,Food_Beverage,Medium,active,0,7,7,0.0,0.0,9.81052720301546e-26,0.0003790359091815,0.001134368101001,1,none
SUP-00162,Stein-Silva,supplier,West,Food_Beverage,Enterprise,active,3,7,10,0.001485453389261,0.003003003003003,2.992210796919715e-23,0.0012037345161553,0.0013243646448416,2,none
DST-00106,Moore Group,distributor,South,Pharmaceuticals,Small,active,4,1,5,1.8807801038929955e-05,0.1673407839130947,0.0178902721204072,0.0011373202841147,0.0005283793324471,1,none
WHS-00080,"Li, Craig and Drake",warehouse,North,Textiles,Medium,active,15,7,22,0.0055341597154932,0.2199639449554675,0.0795363294052707,0.0017994493401904,0.0008545312044959,3,none
MFG-00102,Thompson-James,manufacturer,North,Chemicals,Medium,active,3,3,6,9.667730560494496e-05,0.003003003003003,1.687410678918659e-23,0.0005903329125211,0.0005983739693073,3,none
WHS-00053,Burgess Group,warehouse,South,Electronics,Enterprise,active,28,2,30,0.0016349987559074,0.2010144634873485,0.0886374999286119,0.0032600006063556,0.0006357694490603,1,none
DST-00027,Scott and Sons,distributor,Central,Textiles,Large,active,10,7,17,0.0016010943473154,0.1805884392187287,0.050597327701865,0.0021449845864768,0.0007735566407819,4,none
LOG-00072,Diaz and Sons,logistics_provider,West,Automotive,Small,active,0,2,2,0.0,0.0,9.81052720301546e-26,0.0003790359091815,0.000890479200301,2,none
LOG-00022,"James, Taylor and Turner",logistics_provider,South,Automotive,Enterprise,active,0,4,4,0.0,0.0,9.81052720301546e-26,0.0003790359091815,0.0008082969261915,1,none
SUP-00106,Nolan and Sons,supplier,North,Textiles,Medium,active,0,5,5,0.0,0.0,9.81052720301546e-26,0.0003790359091815,0.000926330767068,3,none
DST-00116,"Edwards, Hines and Jimenez",distributor,Central,Textiles,Medium,active,7,32,39,0.0119290258020683,0.1762221335706801,0.0300082826807491,0.001358887439296,0.0022563868166741,4,hub
MFG-00090,Moore-Collins,manufacturer,West,Electronics,Small,active,11,5,16,0.0011557936947832,0.1815487471798695,0.0350509123432069,0.0010808670660562,0.000807430635792,2,none
SUP-00002,Doyle Ltd,supplier,South,Pharmaceuticals,Medium,active,0,7,7,0.0,0.0,9.81052720301546e-26,0.0003790359091815,0.0012577371105263,1,none
RET-00088,"Rios, Walker and Wright",retailer,Central,Chemicals,Enterprise,active,8,0,8,0.0,0.1696989264838951,0.0193426080111888,0.0011444261218729,0.0005000725896763,4,none
RET-00133,Williams Group,retailer,Central,Textiles,Enterprise,active,8,0,8,0.0,0.1730865813910796,0.027352333966697,0.0011571099834111,0.0005000725896763,4,none
DST-00112,Wright-Davis,distributor,East,Electronics,Small,active,11,37,48,0.0550299778275939,0.2173111134585171,0.0524656465073632,0.0038751441489111,0.0026789759203462,0,bridge
SUP-00081,"Sanchez, Wheeler and Harvey",supplier,South,Food_Beverage,Medium,active,0,4,4,0.0,0.0,9.81052720301546e-26,0.0003790359091815,0.0008354875391687,1,none
SUP-00206,Freeman-Chang,supplier,East,Food_Beverage,Large,active,0,4,4,0.0,0.0,9.81052720301546e-26,0.0003790359091815,0.0008871243046914,0,none
SUP-00035,"Dyer, Potter and Mack",supplier,South,Chemicals,Large,active,0,6,6,0.0,0.0,9.81052720301546e-26,0.0003790359091815,0.0022090580763137,1,none
LOG-00026,"Weber, Wheeler and Gonzalez",logistics_provider,West,Pharmaceuticals,Enterprise,active,0,1,1,0.0,0.0,9.81052720301546e-26,0.0003790359091815,0.000922240397892,2,none
DST-00059,Jackson-Wallace,distributor,East,Textiles,Enterprise,active,4,6,10,0.0010078269828632,0.1683554823964894,0.0052261086549086,0.0006358704266294,0.0008969109161695,0,none
MFG-00128,Jones-Lin,manufacturer,West,Textiles,Enterprise,active,11,7,18,0.0011337153186952,0.0115409527174233,9.022741868613318e-22,0.0011908473959533,0.0010589551315778,2,none
DST-00005,"Lamb, Martin and Kim",distributor,North,Pharmaceuticals,Small,active,10,8,18,0.0027966935776888,0.1864004809407108,0.0395257893527642,0.0018875990818286,0.0008214412228182,3,none
MFG-00067,"Le, Lewis and Hayes",manufacturer,Central,Automotive,Medium,active,4,6,10,0.0002123861471094,0.0045045045045045,7.046901689926008e-22,0.0006835856306825,0.0010596235023574,4,none
SUP-00092,"Smith, Montoya and Evans",supplier,South,Electronics,Small,active,0,3,3,0.0,0.0,9.81052720301546e-26,0.0003790359091815,0.000742794628516,1,none
MFG-00040,"Wood, Ramos and Sampson",manufacturer,Central,Electronics,Small,active,11,6,17,0.0005202295155045,0.011088011088011,3.33754135446586e-22,0.0010953093503415,0.0019216220629885,4,none
RET-00048,Goodwin PLC,retailer,North,Pharmaceuticals,Enterprise,active,5,0,5,0.0,0.1847929202291237,0.0197730279122512,0.0007324904655303,0.0005000725896763,3,none
DST-00115,Li PLC,distributor,Central,Textiles,Small,active,13,36,49,0.0226822189420503,0.1928280837317698,0.0650985158444444,0.0032002852735041,0.00240026664384,4,bridge
MFG-00046,Zhang PLC,manufacturer,North,Automotive,Large,active,19,5,24,0.0011723018744098,0.1639306731548329,0.0116013180091668,0.0022101794878346,0.0009695816325887,3,none
LOG-00027,Taylor Inc,logistics_provider,West,Textiles,Small,active,0,6,6,0.0,0.0,9.81052720301546e-26,0.0003790359091815,0.0026686813104853,2,none
SUP-00242,Larson-Holloway,supplier,West,Electronics,Small,active,1,5,6,0.0001506009424624,0.001001001001001,3.8261056091760304e-24,0.0004220636625888,0.0010266107399625,2,none
SUP-00014,"Mcclure, Ward and Lee",supplier,North,Chemicals,Enterprise,active,0,8,8,0.0,0.0,9.81052720301546e-26,0.0003790359091815,0.0017903615459884,3,none
MFG-00016,"Lucas, Parker and Alexander",manufacturer,Central,Chemicals,Large,active,8,8,16,0.000741258726674,0.0081081081081081,2.18186124995064e-22,0.0007993128104868,0.0011677286115166,4,none
DST-00151,Stevens PLC,distributor,East,Textiles,Enterprise,active,0,7,7,0.0,0.0,9.81052720301546e-26,0.0003790359091815,0.0007250779807481,0,none
MFG-00088,Davis PLC,manufacturer,West,Electronics,Medium,active,4,6,10,0.0009784252290506,0.0045045045045045,4.344101445495247e-22,0.0006489507908421,0.0009077429379188,2,none
SUP-00274,Hoover-Campbell,supplier,South,Pharmaceuticals,Medium,active,0,6,6,0.0,0.0,9.81052720301546e-26,0.0003790359091815,0.0016210760101201,1,none
SUP-00167,"Hurst, Freeman and Nelson",supplier,South,Pharmaceuticals,Medium,active,1,8,9,0.0001827001979267,0.001001001001001,5.6901057777489665e-24,0.0005000514656396,0.0009360127719231,1,none
LOG-00091,Carter LLC,logistics_provider,East,Pharmaceuticals,Medium,active,0,4,4,0.0,0.0,9.81052720301546e-26,0.0003790359091815,0.0009666058038308,0,none
RET-00143,Gonzalez-Wilkerson,retailer,Central,Automotive,Small,active,8,0,8,0.0,0.1898646091346821,0.0498259619412909,0.0013185606756464,0.0005000725896763,4,none
DST-00197,Richardson-Walker,distributor,Central,Textiles,Medium,active,6,5,11,0.0016240661773383,0.1770880900010029,0.0309696201094358,0.0015739451169258,0.0007391810051666,4,none
LOG-00069,Smith-Lewis,logistics_provider,Central,Textiles,Medium,active,0,2,2,0.0,0.0,9.81052720301546e-26,0.0003790359091815,0.001465037172075,4,none
DST-00035,"Butler, Beck and Miller",distributor,North,Food_Beverage,Small,active,3,6,9,0.0009554999456893,0.1616430784135743,0.0105944821524121,0.000688840664798,0.00104018029343,3,none
RET-00131,Orr Group,retailer,East,Electronics,Enterprise,active,9,0,9,0.0,0.2013282584622918,0.0446165460808859,0.0016182339047728,0.0005000725896763,0,none
DST-00055,Acosta Inc,distributor,East,Electronics,Small,active,2,6,8,0.0002112768091346,0.1544461127794461,0.0055487842518343,0.000599928029472,0.0007679964605541,0,none
LOG-00082,Lopez-Reid,logistics_provider,East,Food_Beverage,Enterprise,active,0,3,3,0.0,0.0,9.81052720301546e-26,0.0003790359091815,0.0007969946589094,0,none
SUP-00244,Lyons-Bender,supplier,South,Automotive,Large,active,0,5,5,0.0,0.0,9.81052720301546e-26,0.0003790359091815,0.0013734469720989,1,none
DST-00117,"Owens, Koch and Jimenez",distributor,South,Automotive,Enterprise,active,9,9,18,0.0011957486935484,0.1809410526286398,0.0648013067470752,0.0024239308019561,0.0008542167924438,1,none
RET-00026,Alexander Inc,retailer,South,Automotive,Small,active,4,0,4,0.0,0.1333100217889065,0.0014048080918188,0.000793094321676,0.0005000725896763,1,none
DST-00113,Dougherty-Lin,distributor,South,Food_Beverage,Enterprise,active,2,2,4,1.790799218988932e-05,0.130658285369959,0.0034710156581191,0.0005809904959586,0.0006015724816115,1,none
WHS-00037,"Fry, Hobbs and Buck",warehouse,Central,Electronics,Small,active,13,3,16,0.0011130675836107,0.1863106318665049,0.0364262559598643,0.002024738355958,0.0006658918217048,4,none
SUP-00190,"Burke, Martinez and Riggs",supplier,West,Electronics,Medium,active,0,5,5,0.0,0.0,9.81052720301546e-26,0.0003790359091815,0.0009974366826134,2,none
LOG-00033,Faulkner-Casey,logistics_provider,Central,Electronics,Small,active,0,2,2,0.0,0.0,9.81052720301546e-26,0.0003790359091815,0.0008019041337849,4,none
WHS-00050,"Ramsey, Hansen and Mendoza",warehouse,South,Textiles,Enterprise,active,7,6,13,0.0028737814117267,0.15298907397964,0.0044316831691318,0.000809923750563,0.0015392110294781,1,none
DST-00026,Gilbert-Bullock,distributor,Central,Chemicals,Medium,active,5,3,8,0.0004768296125156,0.1867726543348149,0.0272163068641381,0.0013996335409158,0.0006168356014958,4,none
WHS-00032,"Robinson, Shields and Brown",warehouse,North,Food_Beverage,Enterprise,active,6,5,11,0.0026423591811233,0.1767021720712813,0.0635802083372817,0.001040539020731,0.0009092882898273,3,none
DST-00061,Mendez-Graham,distributor,West,Electronics,Large,active,6,4,10,0.0046720384901178,0.1818541277470349,0.0178296676184596,0.0018706796695504,0.0006870286173481,2,none
SUP-00059,Lee-Davis,supplier,Central,Pharmaceuticals,Large,active,0,8,8,0.0,0.0,9.81052720301546e-26,0.0003790359091815,0.0015727588435554,4,none
DST-00025,Blake Group,distributor,South,Pharmaceuticals,Enterprise,active,2,4,6,5.860549726058521e-05,0.1491889773858495,0.0081240477973435,0.0005811093690981,0.0006093532831392,1,none
DST-00111,"Rodriguez, Allen and Martinez",distributor,North,Automotive,Medium,active,6,6,12,0.0009138829172997,0.1570638435045215,0.0065320969349712,0.0011474741089896,0.0007357247448722,3,none
RET-00007,"Adams, Hodge and Duke",retailer,North,Electronics,Large,active,16,0,16,0.0,0.2176215509548842,0.1029214107622127,0.003410501870408,0.0005000725896763,3,none
WHS-00098,Goodwin Ltd,warehouse,East,Textiles,Medium,active,10,1,11,0.0077242476743404,0.1884583595798006,0.0366149632673946,0.0020742633035681,0.0007337266957604,0,none
SUP-00253,Bailey-Cook,supplier,North,Pharmaceuticals,Large,active,0,3,3,0.0,0.0,9.81052720301546e-26,0.0003790359091815,0.0009025841348589,3,none
SUP-00022,"Watts, Robinson and Nguyen",supplier,South,Automotive,Large,active,0,4,4,0.0,0.0,9.81052720301546e-26,0.0003790359091815,0.0007415787538124,1,none
MFG-00014,Byrd-Le,manufacturer,North,Chemicals,Medium,active,6,6,12,0.0002296575053199,0.006006006006006,5.415411016064538e-23,0.0008419861888056,0.0010360236207481,3,none
DST-00010,"Valentine, Joyce and Murray",distributor,Central,Textiles,Small,active,6,8,14,0.0009147436697715,0.1602850688593214,0.0082932915874087,0.0012350035192728,0.0008142819377664,4,none
SUP-00161,Brown-Wall,supplier,West,Textiles,Large,active,0,10,10,0.0,0.0,9.81052720301546e-26,0.0003790359091815,0.0014401088915626,2,none
SUP-00277,Cook-Hines,supplier,Central,Food_Beverage,Large,active,1,6,7,9.432411319518868e-05,0.001001001001001,7.554105946321905e-24,0.0004650914159962,0.0008671386357753,4,none
RET-00106,Morse PLC,retailer,East,Textiles,Enterprise,active,14,0,14,0.0,0.2223400071285473,0.094276620054583,0.002511609352286,0.0005000725896763,0,none
SUP-00192,"Wood, Hunter and Peterson",supplier,Central,Food_Beverage,Enterprise,active,0,5,5,0.0,0.0,9.81052720301546e-26,0.0003790359091815,0.0011517834069441,4,none
MFG-00086,Kane PLC,manufacturer,Central,Pharmaceuticals,Small,active,6,6,12,0.000399147285024,0.0071500071500071,7.289221711840482e-22,0.000797998878762,0.0011523232116406,4,none
LOG-00056,Perry-Nixon,logistics_provider,Central,Textiles,Large,active,0,3,3,0.0,0.0,9.81052720301546e-26,0.0003790359091815,0.0007212494644988,4,none
MFG-00114,Cook and Sons,manufacturer,North,Pharmaceuticals,Enterprise,active,11,6,17,0.0009707793471559,0.0115409527174233,6.5995416494684975e-22,0.001192583210114,0.000773615228979,3,none
DST-00042,Anderson-Bell,distributor,East,Automotive,Medium,active,10,39,49,0.0403337806705275,0.2031549244201922,0.0433802490447092,0.0020478284612721,0.0026826749508184,0,bridge
MFG-00044,Davis-Lewis,manufacturer,West,Pharmaceuticals,Large,active,6,1,7,9.241100227682956e-05,0.006006006006006,4.2970109149207696e-23,0.0006839108405103,0.0005608632441106,2,none
LOG-00020,Hardy PLC,logistics_provider,North,Textiles,Medium,active,0,4,4,0.0,0.0,9.81052720301546e-26,0.0003790359091815,0.0036062007500398,3,none
MFG-00009,"Phillips, Spence and Barrett",manufacturer,East,Food_Beverage,Enterprise,active,8,8,16,0.0036562193817574,0.1683991883888041,0.0087711268449887,0.001240407414095,0.0020809296833263,0,none
WHS-00012,"Robinson, Jones and Henderson",warehouse,East,Textiles,Small,active,20,5,25,0.0023620107566642,0.2030277538884737,0.0442672615131507,0.0029681956895516,0.0007575915421341,0,none
SUP-00131,"Parker, Ortiz and Powell",supplier,Central,Chemicals,Medium,active,0,3,3,0.0,0.0,9.81052720301546e-26,0.0003790359091815,0.0007098704667771,4,none
WHS-00014,Andersen Group,warehouse,North,Automotive,Enterprise,active,39,36,75,0.059728525639643,0.197645848163825,0.1137917765496224,0.0050712191226531,0.0050599030306189,3,bridge
RET-00022,Kelley-Anderson,retailer,Central,Electronics,Small,active,9,0,9,0.0,0.196105635188868,0.0492856160966308,0.0015017612447689,0.0005000725896763,4,none
SUP-00100,Walsh LLC,supplier,Central,Textiles,Large,active,0,7,7,0.0,0.0,9.81052720301546e-26,0.0003790359091815,0.0012133873335251,4,none
MFG-00073,Reynolds Ltd,manufacturer,South,Textiles,Large,active,10,8,18,0.0025758744829408,0.173256857284635,0.0124754152132575,0.0010019930511292,0.0010565633454964,1,none
SUP-00088,Anderson-Bailey,supplier,South,Food_Beverage,Small,active,0,10,10,0.0,0.0,9.81052720301546e-26,0.0003790359091815,0.0018921710440952,1,none
DST-00009,Mckee-Lee,distributor,East,Chemicals,Large,active,3,5,8,0.0003147839842223,0.1638892556022419,0.0102765930681358,0.0012012808885959,0.0006548532566946,0,none
MFG-00031,Reid Group,manufacturer,West,Electronics,Medium,active,5,8,13,0.0003604697519272,0.0051480051480051,1.9768212314076161e-22,0.0005956719926148,0.0010759665839024,2,none
SUP-00215,"Washington, Hardy and Bray",supplier,East,Pharmaceuticals,Small,active,0,9,9,0.0,0.0,9.81052720301546e-26,0.0003790359091815,0.0012053494697811,0,none
DST-00017,Davis-Lozano,distributor,West,Electronics,Large,active,3,2,5,0.0002959691312846,0.1659860986882481,0.0199552814736162,0.0011743897860017,0.0006567100043208,2,none
SUP-00122,Johnson-Carlson,supplier,Central,Chemicals,Enterprise,active,2,5,7,0.0001906400100742,0.002002002002002,1.5010106620613657e-23,0.0005334748098042,0.0010849384956517,4,none
DST-00165,Gilbert PLC,distributor,South,Food_Beverage,Enterprise,active,6,8,14,0.0001579923719085,0.1401177087451597,0.0053257044504076,0.0014312926249446,0.0008233564035834,1,none
SUP-00021,Gray-Mayo,supplier,West,Chemicals,Large,active,0,2,2,0.0,0.0,9.81052720301546e-26,0.0003790359091815,0.0006255071049626,2,none
WHS-00051,Turner-Stout,warehouse,South,Chemicals,Medium,active,15,14,29,0.0086810920028103,0.1765098431765098,0.0403861474298238,0.0021087568024692,0.0020653899339618,1,none
SUP-00072,House-Glover,supplier,South,Textiles,Medium,active,0,10,10,0.0,0.0,9.81052720301546e-26,0.0003790359091815,0.0016811481762321,1,none
SUP-00107,"Wright, Garcia and Deleon",supplier,Central,Automotive,Medium,active,0,10,10,0.0,0.0,9.81052720301546e-26,0.0003790359091815,0.0017953716079254,4,none
SUP-00271,"Thomas, Lee and Greene",supplier,Central,Chemicals,Small,active,0,5,5,0.0,0.0,9.81052720301546e-26,0.0003790359091815,0.0009622846857167,4,none
RET-00011,"Morris, Wright and Bridges",retailer,Central,Pharmaceuticals,Medium,active,17,0,17,0.0,0.1961961961961962,0.0840512495988185,0.0029104360747636,0.0005000725896763,4,none
MFG-00136,Cox LLC,manufacturer,West,Electronics,Small,active,13,6,19,0.0012598503295411,0.1563822742704131,0.0038777602648789,0.0013820114420611,0.0011891712053197,2,none
SUP-00103,"Mckee, Gardner and Davenport",supplier,South,Chemicals,Large,active,0,8,8,0.0,0.0,9.81052720301546e-26,0.0003790359091815,0.0015669002848566,1,none
