node,in_degree,out_degree,total_degree,in_degree_centrality,out_degree_centrality,betweenness,closeness,eigenvector,pagerank,pagerank_reversed,total_degree_rank,betweenness_rank,closeness_rank,eigenvector_rank,pagerank_rank,pagerank_reversed_rank,bridge_without_hub
WHS-00014,39,36,75,0.03903903903903904,0.036036036036036036,0.05972852563964302,0.19764584816382502,0.11379177654962246,0.005071219122653196,0.005059903030618936,1,1,118,10,2,4,0
MFG-00131,16,54,70,0.016016016016016016,0.05405405405405406,0.028483725645742478,0.15638227427041315,0.00969440066219733,0.0018457377066929744,0.006226813041614952,2,7,394,397,150,2,-5
WHS-00063,29,36,65,0.029029029029029027,0.036036036036036036,0.05068388107119086,0.21877695570781577,0.0632914656363497,0.002830343195057135,0.004828258606023081,3,3,20,72,41,5,0
MFG-00028,9,50,59,0.009009009009009009,0.050050050050050046,0.023084788826501747,0.17641383564690608,0.012919657031990625,0.0012350799281758008,0.006895904401369812,4,10,275,364,289,1,-6
MFG-00141,6,51,57,0.006006006006006006,0.05105105105105105,0.010462521652105176,0.15067913441897182,0.005387507034675762,0.0010642842551972778,0.0053026940463202785,5,24,421,439,349,3,-19
WHS-00044,20,36,56,0.02002002002002002,0.036036036036036036,0.03514598825152669,0.19202891464584776,0.05614422932020706,0.0026709482626260514,0.003745188155903823,6,5,152,104,54,6,1
DST-00149,15,38,53,0.015015015015015015,0.03803803803803804,0.027907518834098838,0.1991629332740785,0.12843036140786024,0.003576700621934538,0.002752700270189453,7,8,106,4,15,14,-1
DST-00084,15,37,52,0.015015015015015015,0.037037037037037035,0.018377172073835924,0.18544130179350304,0.047584648614145415,0.0032009953545300857,0.0027551395887972386,8,15,209,136,23,13,-7
WHS-00041,43,8,51,0.043043043043043044,0.008008008008008008,0.022107972960614262,0.24123230705603335,0.1184885280452437,0.006117934809739287,0.0011940689581109024,9,13,1,8,1,234,-4
DST-00162,13,37,50,0.013013013013013013,0.037037037037037035,0.028882035537062336,0.19056218380542705,0.05247765028313943,0.002441606801216619,0.0031812158528249047,10,6,167,111,68,9,4
DST-00115,13,36,49,0.013013013013013013,0.036036036036036036,0.022682218942050365,0.19282808373176982,0.06509851584444448,0.003200285273504191,0.002400266643840031,11,11,147,67,24,23,0
DST-00042,10,39,49,0.01001001001001001,0.03903903903903904,0.040333780670527515,0.2031549244201922,0.043380249044709294,0.0020478284612721574,0.0026826749508184105,11,4,73,160,116,15,7
DST-00112,11,37,48,0.011011011011011011,0.037037037037037035,0.055029977827593904,0.21731111345851717,0.052465646507363226,0.0038751441489111808,0.00267897592034628,13,2,23,112,9,16,11
DST-00019,9,39,48,0.009009009009009009,0.03903903903903904,0.0071338965470456395,0.1464936029073337,0.01101667118464147,0.0014320616252162287,0.0024862957811873946,13,45,444,378,228,20,-32
WHS-00092,38,4,42,0.03803803803803804,0.004004004004004004,0.01258264988498441,0.18464949435629768,0.04938853091824642,0.00323219209290098,0.0012840569527239774,15,18,215,124,22,189,-3
DST-00116,7,32,39,0.007007007007007007,0.03203203203203203,0.01192902580206835,0.17622213357068017,0.030008282680749135,0.0013588874392960724,0.0022563868166741866,16,19,276,234,247,24,-3
WHS-00065,35,3,38,0.035035035035035036,0.003003003003003003,0.0035060359098787004,0.22864775244049126,0.10220648054617547,0.0036863421865824704,0.0006552492532334159,17,97,8,18,13,778,-80
WHS-00020,33,2,35,0.03303303303303303,0.002002002002002002,0.002619404071444442,0.1947384189953989,0.06149544027465938,0.003087941653389226,0.000983938489984335,18,134,136,80,27,375,-116
WHS-00025,25,7,32,0.025025025025025023,0.007007007007007007,0.01173774252742171,0.20897992064229182,0.04094133474812697,0.00277571146598241,0.0013008807275368226,19,20,50,174,44,184,-1
WHS-00033,29,2,31,0.029029029029029027,0.002002002002002002,0.007559552235043105,0.2080415887343405,0.05807261774267183,0.0028921454757521556,0.0006718173716933093,20,40,53,97,35,763,-20
DST-00147,0,30,30,0.0,0.03003003003003003,0.0,0.0,9.810527203015459e-26,0.00037903590918156766,0.003042127473444854,21,479,629,629,629,11,-458
WHS-00053,28,2,30,0.028028028028028028,0.002002002002002002,0.0016349987559074934,0.20101446348734853,0.08863749992861193,0.003260000606355662,0.0006357694490603523,21,192,90,30,21,798,-171
WHS-00029,24,5,29,0.024024024024024024,0.005005005005005005,0.009820055594644004,0.20632114302597762,0.06074449615850488,0.002801569933388564,0.0010964850130898754,23,27,58,85,43,284,-4
WHS-00027,23,6,29,0.023023023023023025,0.006006006006006006,0.006399218440971969,0.21095078818656054,0.04875236704370188,0.0024931419031208567,0.0014442490039923977,23,54,40,129,63,131,-31
WHS-00022,26,3,29,0.026026026026026026,0.003003003003003003,0.005148215592849155,0.1835003320151835,0.03023449169094787,0.002832725258230589,0.0009255260244192705,23,70,226,232,40,445,-47
MFG-00047,21,8,29,0.02102102102102102,0.008008008008008008,0.008573379429537,0.18989276161407312,0.030724917185181642,0.0038675789924913387,0.0011021391839001232,23,34,170,227,10,281,-11
WHS-00003,24,5,29,0.024024024024024024,0.005005005005005005,0.022249653910132606,0.17752426756258174,0.023287712963229963,0.002679235143489251,0.0008370648556547723,23,12,263,270,52,561,11
WHS-00051,15,14,29,0.015015015015015015,0.014014014014014014,0.008681092002810352,0.17650984317650986,0.04038614742982384,0.002108756802469298,0.002065389933961817,23,32,274,180,106,32,-9
WHS-00002,22,6,28,0.022022022022022022,0.006006006006006006,0.011570191311841211,0.19467997409173882,0.046110460642035354,0.002432397079568342,0.0014309256603530583,29,21,137,143,69,137,8
MFG-00048,16,11,27,0.016016016016016016,0.011011011011011011,0.006444949589612319,0.1781091910141883,0.02357667752888076,0.0016346374633182037,0.0014087364629895873,30,53,258,266,183,144,-23
MFG-00024,21,6,27,0.02102102102102102,0.006006006006006006,0.004790951250721242,0.1937496038451833,0.05601203278817695,0.0022166898454126904,0.0009959246908602805,30,75,142,105,93,369,-45
WHS-00085,23,4,27,0.023023023023023025,0.004004004004004004,0.008745354613845267,0.19788702674608716,0.05275874166284993,0.0026166212566910577,0.0009444340948749324,30,31,116,110,59,420,-1
WHS-00056,24,3,27,0.024024024024024024,0.003003003003003003,0.004719907594359951,0.2232955847413679,0.12086380891302013,0.003841207011021482,0.0009610158764796208,30,77,11,7,11,401,-47
MFG-00077,20,5,25,0.02002002002002002,0.005005005005005005,0.002049929962977591,0.16160280858835915,0.020072155459960897,0.002001880139041306,0.000861849835468846,34,164,363,308,121,529,-130
MFG-00135,15,10,25,0.015015015015015015,0.01001001001001001,0.01028839174187956,0.17428094402839164,0.012198133962557178,0.004098912249787812,0.0018220721779823876,34,25,286,367,7,58,9
WHS-00012,20,5,25,0.02002002002002002,0.005005005005005005,0.0023620107566642242,0.20302775388847374,0.04426726151315075,0.0029681956895516405,0.0007575915421341737,34,146,75,155,32,647,-112
WHS-00064,21,4,25,0.02102102102102102,0.004004004004004004,0.004435416847344409,0.19180179588222168,0.04677393563952841,0.00231782937817811,0.000858173850699464,34,84,158,140,77,534,-50
WHS-00066,19,6,25,0.01901901901901902,0.006006006006006006,0.0027770139008251775,0.1894490869374047,0.02590774640655712,0.001976439291535586,0.0010000585473749473,34,124,173,255,126,363,-90
WHS-00070,18,7,25,0.018018018018018018,0.007007007007007007,0.015352845050453864,0.20790822874156212,0.04272220449850458,0.0024227558520417097,0.0012910255475826365,34,16,54,162,72,188,18
MFG-00096,21,4,25,0.02102102102102102,0.004004004004004004,0.005241404600384477,0.19891863651446604,0.04789530889884229,0.0027045075027599674,0.000972762584133816,34,68,110,133,47,385,-34
WHS-00093,19,5,24,0.01901901901901902,0.005005005005005005,0.01323300870408537,0.18303433230069802,0.04197336619549889,0.002463304155094336,0.002214815726132751,41,17,228,168,66,27,24
MFG-00062,12,12,24,0.012012012012012012,0.012012012012012012,0.00937260688906383,0.18682997513642674,0.015570520744706454,0.0016704058578002508,0.0016722900629926618,41,29,198,348,179,76,12
WHS-00096,23,1,24,0.023023023023023025,0.001001001001001001,0.005592492721699259,0.21586478325247044,0.05683246659693529,0.0026987994989607278,0.0005846687947718354,41,63,27,102,48,828,-22
MFG-00046,19,5,24,0.01901901901901902,0.005005005005005005,0.0011723018744098387,0.1639306731548329,0.011601318009166894,0.002210179487834603,0.0009695816325887678,41,237,353,369,95,390,-196
RET-00117,24,0,24,0.024024024024024024,0.0,0.0,0.20207777178782732,0.09248976756094508,0.0038322272174400197,0.0005000725896763521,41,479,86,27,12,845,-438
MFG-00100,15,9,24,0.015015015015015015,0.009009009009009009,0.00668996225992534,0.14518211138622958,0.003458357196771788,0.0014556477891535375,0.0017379141195177697,41,50,449,463,221,65,-9
MFG-00134,19,5,24,0.01901901901901902,0.005005005005005005,0.006017059293660474,0.1885679283935098,0.03339952561649599,0.0016853206001606225,0.0009234482434563975,41,58,180,212,177,449,-17
WHS-00073,18,5,23,0.018018018018018018,0.005005005005005005,0.002297561360904019,0.17386053971419826,0.029050213212864034,0.0019308235668769162,0.0011952119483556872,48,152,293,239,136,232,-104
MFG-00094,15,8,23,0.015015015015015015,0.008008008008008008,0.0032372923943922442,0.15230656813187923,0.003858648183611268,0.0013099652589459974,0.0013747217119424936,48,103,415,458,262,153,-55
MFG-00032,16,7,23,0.016016016016016016,0.007007007007007007,0.003181308946840309,0.16923393521358562,0.03378076509185831,0.002686636095744536,0.0010050709423422447,48,107,323,210,50,360,-59
WHS-00021,17,6,23,0.017017017017017015,0.006006006006006006,0.008328112114798862,0.20039347348584297,0.03226229456677667,0.0019332247889278249,0.0015258307038910895,48,37,96,219,135,111,11
MFG-00097,15,8,23,0.015015015015015015,0.008008008008008008,0.002967754612806938,0.14291114202989066,0.0069188700392281335,0.0013766501008796164,0.0011905261953857437,48,113,455,422,243,238,-65
MFG-00110,16,7,23,0.016016016016016016,0.007007007007007007,0.0025602297460968998,0.17442153096899,0.02752795240854674,0.002119025199284121,0.0010137124910358716,48,138,285,242,105,352,-90
MFG-00148,17,6,23,0.017017017017017015,0.006006006006006006,0.0017894950264671517,0.17517517517517517,0.008316943475505004,0.0015269620927337516,0.0009098131811052957,48,181,279,410,205,461,-133
WHS-00084,17,6,23,0.017017017017017015,0.006006006006006006,0.011322113505427615,0.18464949435629768,0.020498551600251987,0.0017678868278616603,0.0015444913811976878,48,22,215,302,160,105,26
MFG-00038,15,8,23,0.015015015015015015,0.008008008008008008,0.006209943408930626,0.18715339690527227,0.03927301134954018,0.0026783784103965613,0.0018682014807450094,48,55,195,186,53,49,-7
MFG-00008,17,5,22,0.017017017017017015,0.005005005005005005,0.005064519342442364,0.19579646051122057,0.03262096993453379,0.0026642768713431766,0.0010896616491562492,57,72,130,217,56,286,-15
WHS-00080,15,7,22,0.015015015015015015,0.007007007007007007,0.0055341597154932734,0.2199639449554675,0.0795363294052707,0.001799449340190498,0.0008545312044959123,57,65,18,44,155,535,-8
WHS-00016,17,5,22,0.017017017017017015,0.005005005005005005,0.004666236157792914,0.19112365164221382,0.058269655788167125,0.0022824029756885206,0.0010293355195370273,57,79,164,96,84,342,-22
WHS-00013,18,4,22,0.018018018018018018,0.004004004004004004,0.006495810938089115,0.20302775388847374,0.031280206640990516,0.002162450465435545,0.0011479099061842575,57,52,75,223,99,254,5
MFG-00082,13,9,22,0.013013013013013013,0.009009009009009009,0.003828639903032962,0.12942411685428448,0.0025347729587086015,0.0012607906938892773,0.0013433314203836666,57,92,482,473,283,163,-35
WHS-00094,20,2,22,0.02002002002002002,0.002002002002002002,0.004129014098122974,0.18785799990549484,0.023104659243344795,0.0022787702484900634,0.0008848374401988542,57,88,189,273,85,500,-31
WHS-00039,20,1,21,0.02002002002002002,0.001001001001001001,0.003332412855814807,0.20101446348734853,0.050225418145120417,0.0022855119750045867,0.0006251823722835924,63,99,90,122,83,804,-36
DST-00177,16,5,21,0.016016016016016016,0.005005005005005005,0.00429484268723186,0.2055366519878561,0.08707307488055657,0.003164367350465143,0.0006455052692710783,63,87,65,32,25,790,-24
WHS-00055,19,2,21,0.01901901901901902,0.002002002002002002,0.0015636299471980307,0.19265627373735483,0.025950355817958116,0.00208343728853268,0.0006853414099176746,63,196,150,254,108,745,-133
WHS-00079,19,2,21,0.01901901901901902,0.002002002002002002,0.0011985001812193552,0.2232955847413679,0.07598260952126441,0.0020538744621637806,0.0006371315777082024,63,232,11,49,115,797,-169
MFG-00092,13,8,21,0.013013013013013013,0.008008008008008008,0.007457859139649356,0.1795885032319141,0.03125711152717821,0.0029993445540576155,0.001293840679163182,63,42,248,224,31,186,21
DST-00043,10,11,21,0.01001001001001001,0.011011011011011011,0.008923165451074412,0.20101446348734853,0.05771697768579929,0.0014925997740028762,0.0013010612221983208,63,30,90,99,212,183,33
RET-00149,21,0,21,0.02102102102102102,0.0,0.0,0.2196232437600188,0.1119880687126624,0.002847572704304438,0.0005000725896763521,63,479,19,11,37,845,-416
MFG-00035,15,6,21,0.015015015015015015,0.006006006006006006,0.0011443052897690713,0.1113985357502445,0.000691670415222756,0.0017256433386711575,0.0008146865858399033,63,241,491,487,167,587,-178
WHS-00058,16,5,21,0.016016016016016016,0.005005005005005005,0.01055124924803801,0.19674664048337084,0.042076001767070055,0.00194964626486394,0.001293178899421293,63,23,125,167,132,187,40
WHS-00076,17,4,21,0.017017017017017015,0.004004004004004004,0.0060369157219526135,0.19202891464584776,0.04633797793300751,0.0022504154678252525,0.0009174831839491311,63,57,152,142,90,456,6
MFG-00055,15,6,21,0.015015015015015015,0.006006006006006006,0.0021047457152961542,0.17247372339103265,0.007839381654477633,0.0019738229863428725,0.0008264073335710659,63,162,305,416,127,573,-99
WHS-00071,12,8,20,0.012012012012012012,0.008008008008008008,0.006768719783738173,0.17404713541016198,0.017542918347721845,0.0010408464070126172,0.0018377149470535602,74,49,287,334,356,54,25
MFG-00021,14,6,20,0.014014014014014014,0.006006006006006006,0.0003055716414580686,0.014014014014014014,1.1380211555497934e-22,0.0012827105612074079,0.0008699198902939538,74,372,493,554,272,518,-298
MFG-00006,15,5,20,0.015015015015015015,0.005005005005005005,0.003709740805967437,0.15163012474840432,0.016225961563664255,0.0017837155898025692,0.001127686342382625,74,94,418,343,158,269,-20
MFG-00087,11,9,20,0.011011011011011011,0.009009009009009009,0.001135704441793728,0.011277944611277945,7.512901732069237e-22,0.0012738556968561647,0.0012692904578994726,74,244,501,513,277,196,-170
RET-00067,20,0,20,0.02002002002002002,0.0,0.0,0.21047263044042433,0.07314891949663728,0.0038753783918381887,0.0005000725896763521,74,479,43,56,8,845,-405
RET-00036,20,0,20,0.02002002002002002,0.0,0.0,0.20070840544978474,0.07178761811057903,0.003049792667102078,0.0005000725896763521,74,479,94,59,30,845,-405
WHS-00061,17,3,20,0.017017017017017015,0.003003003003003003,0.0025543282588660556,0.18845835957980062,0.06491812514717481,0.0018726668216106877,0.0008951171973911548,74,139,183,68,148,483,-65
MFG-00130,12,8,20,0.012012012012012012,0.008008008008008008,0.0017805497109261755,0.012512512512512513,8.892261856813208e-22,0.0012789820210102685,0.001988229452377979,74,182,495,510,274,35,-108
MFG-00098,12,8,20,0.012012012012012012,0.008008008008008008,0.0035647251236941868,0.16879356587917607,0.019338769654789978,0.0013019005399975074,0.0015804883798355126,74,96,326,321,264,93,-22
MFG-00125,10,10,20,0.01001001001001001,0.01001001001001001,0.007947793231451195,0.19277077969499962,0.06589433377620445,0.0011415456905008818,0.0016910054391233774,74,38,148,65,318,73,36
DST-00124,12,7,19,0.012012012012012012,0.007007007007007007,0.0009119090761476742,0.19873580688531672,0.06874292163586027,0.003596051343666866,0.0007262724122134186,84,270,112,61,14,690,-186
WHS-00089,18,1,19,0.018018018018018018,0.001001001001001001,3.6166363265004997e-05,0.20327798883597573,0.047960526043411444,0.0019439591117117994,0.0005155126311876762,84,459,72,132,134,844,-375
WHS-00042,14,5,19,0.014014014014014014,0.005005005005005005,0.007514616420197018,0.21136320419474544,0.1305936979378876,0.0034725877503973355,0.0009702479006429942,84,41,39,3,17,389,43
MFG-00025,12,7,19,0.012012012012012012,0.007007007007007007,0.003133551279154028,0.16426276871959325,0.009933021284426906,0.001270832566259587,0.000977527053002769,84,110,352,394,280,382,-26
MFG-00042,14,5,19,0.014014014014014014,0.005005005005005005,0.0014442601720481502,0.15852240314605906,0.0062813702989534545,0.0014017622572086378,0.0010066462956941254,84,207,384,430,233,359,-123
MFG-00120,11,8,19,0.011011011011011011,0.008008008008008008,0.004306603913747004,0.1882942448980185,0.022013806443133683,0.0013528344947119127,0.0009118534293517595,84,86,188,285,249,458,-2
RET-00051,19,0,19,0.01901901901901902,0.0,0.0,0.21079026259206438,0.07427079316423867,0.003283847885366152,0.0005000725896763521,84,479,42,53,20,845,-395
MFG-00136,13,6,19,0.013013013013013013,0.006006006006006006,0.0012598503295411852,0.15638227427041315,0.003877760264878932,0.0013820114420611132,0.0011891712053197952,84,224,394,456,240,239,-140
MFG-00037,12,7,19,0.012012012012012012,0.007007007007007007,0.01012873696318304,0.18381231897808833,0.023541304967248062,0.001714624394799473,0.0015297104213220726,84,26,224,267,171,110,58
WHS-00036,11,7,18,0.011011011011011011,0.007007007007007007,0.020003966858533666,0.19867493833803176,0.03535500691109768,0.0010988073558983482,0.0014643431746004893,93,14,113,202,337,124,79
RET-00010,18,0,18,0.018018018018018018,0.0,0.0,0.22001380388150554,0.1235957477959549,0.004183155664037102,0.0005000725896763521,93,479,17,6,6,845,-386
WHS-00086,13,5,18,0.013013013013013013,0.005005005005005005,0.005587455464944536,0.19758564534683937,0.05982240905876977,0.001591541843339854,0.0008464052819521289,93,64,119,91,190,547,29
MFG-00004,9,9,18,0.009009009009009009,0.009009009009009009,0.00976958885603767,0.21316913364235088,0.05886017671491836,0.0022378389572351104,0.0013263839584049977,93,28,35,95,91,169,65
MFG-00115,9,9,18,0.009009009009009009,0.009009009009009009,0.0015286804044097315,0.009951127598186421,8.836341851756019e-22,0.0008836267229300426,0.001731194467332633,93,201,509,511,418,67,-108
DST-00130,10,8,18,0.01001001001001001,0.008008008008008008,0.002711264544188654,0.1746093334249458,0.008412808972494612,0.0009737056625691131,0.0008501233230715141,93,127,284,409,383,545,-34
RET-00042,18,0,18,0.018018018018018018,0.0,0.0,0.22921972605516908,0.13224054766614826,0.00356854376661242,0.0005000725896763521,93,479,6,2,16,845,-386
MFG-00106,10,8,18,0.01001001001001001,0.008008008008008008,0.004536616908988975,0.15589369710975096,0.018439120765011814,0.0018871773456606202,0.0012174805464623072,93,82,398,327,146,220,11
WHS-00045,13,5,18,0.013013013013013013,0.005005005005005005,0.00321042517013801,0.18433466145884447,0.041639446522302455,0.0021251005792239,0.0009752450358722817,93,104,218,171,104,384,-11
MFG-00089,13,5,18,0.013013013013013013,0.005005005005005005,0.003145008082924944,0.20392130577606843,0.060310095670031295,0.0011783277463457069,0.0010605458013890285,93,109,69,86,307,316,-16
DST-00117,9,9,18,0.009009009009009009,0.009009009009009009,0.0011957486935484875,0.1809410526286398,0.06480130674707522,0.0024239308019561342,0.0008542167924438441,93,234,239,69,71,536,-141
RET-00141,18,0,18,0.018018018018018018,0.0,0.0,0.22571547597580224,0.11651085499194197,0.0027165440121914913,0.0005000725896763521,93,479,9,9,46,845,-386
MFG-00012,10,8,18,0.01001001001001001,0.008008008008008008,0.0022674300486331496,0.010093426760093427,2.778341303893979e-22,0.0011389581096778341,0.0019813236525129917,93,153,506,533,321,36,-60
MFG-00073,10,8,18,0.01001001001001001,0.008008008008008008,0.0025758744829408597,0.17325685728463508,0.012475415213257507,0.0010019930511292465,0.001056563345496472,93,137,298,365,370,323,-44
WHS-00007,11,7,18,0.011011011011011011,0.007007007007007007,0.008346041330608777,0.21088220860652593,0.049055803295195495,0.001531780097297356,0.0013233860833987458,93,36,41,126,202,173,57
RET-00073,18,0,18,0.018018018018018018,0.0,0.0,0.22930035205800245,0.08906842334894427,0.004196435137221622,0.0005000725896763521,93,479,5,29,5,845,-386
MFG-00128,11,7,18,0.011011011011011011,0.007007007007007007,0.0011337153186952028,0.011540952717423305,9.022741868613318e-22,0.0011908473959533628,0.0010589551315778594,93,245,499,509,303,320,-152
DST-00108,11,7,18,0.011011011011011011,0.007007007007007007,0.006901966861603648,0.1769431733970741,0.01869155074767098,0.0017565286143522677,0.0008444642538981753,93,48,268,324,162,552,45
WHS-00100,16,2,18,0.016016016016016016,0.002002002002002002,0.0011590479107339191,0.18538830342202736,0.02623496179121895,0.001382357274170131,0.0007674860268756755,93,238,210,251,239,640,-145
MFG-00023,8,10,18,0.008008008008008008,0.01001001001001001,0.0013213420504742952,0.008008008008008008,5.788211049779121e-23,0.0007743450446716972,0.0017450382273920039,93,221,517,557,463,64,-128
DST-00005,10,8,18,0.01001001001001001,0.008008008008008008,0.0027966935776888914,0.18640048094071085,0.0395257893527642,0.001887599081828662,0.0008214412228182081,93,123,203,184,145,578,-30
DST-00088,11,6,17,0.011011011011011011,0.006006006006006006,0.0012206783411115943,0.20302775388847374,0.04764128610376445,0.0028367937135269587,0.0008695972123346756,114,231,75,135,39,519,-117
RET-00011,17,0,17,0.017017017017017015,0.0,0.0,0.19619619619619622,0.08405124959881852,0.0029104360747636876,0.0005000725896763521,114,479,128,35,34,845,-365
MFG-00114,11,6,17,0.011011011011011011,0.006006006006006006,0.0009707793471559037,0.011540952717423305,6.5995416494684975e-22,0.0011925832101140064,0.0007736152289790762,114,262,499,518,302,632,-148
MFG-00112,11,6,17,0.011011011011011011,0.006006006006006006,0.002208006965206015,0.15852240314605906,0.0115236395544822,0.0012152082873689391,0.0010853911641394058,114,159,384,372,296,291,-45
DST-00027,10,7,17,0.01001001001001001,0.007007007007007007,0.0016010943473154426,0.18058843921872875,0.05059732770186504,0.0021449845864768137,0.0007735566407819831,114,194,242,118,101,633,-80
MFG-00146,12,5,17,0.012012012012012012,0.005005005005005005,0.0014768516082112064,0.13109815555248053,0.002718718793308408,0.0010145303465485583,0.001463777606967052,114,204,478,468,368,125,-90
MFG-00053,12,5,17,0.012012012012012012,0.005005005005005005,0.0007001849533757715,0.013513513513513514,1.4055542323760247e-21,0.001396430081152151,0.0008856242452707709,114,293,494,506,235,498,-179
WHS-00068,12,5,17,0.012012012012012012,0.005005005005005005,0.0065064657428514075,0.2037931742612861,0.07559178391084813,0.0012970076886172925,0.0013084743283879494,114,51,70,50,266,178,63
MFG-00026,11,6,17,0.011011011011011011,0.006006006006006006,0.0004713277597551299,0.011011011011011011,6.720211134065596e-23,0.0008006354681073032,0.0011642558779778563,114,329,505,556,446,248,-215
MFG-00029,11,6,17,0.011011011011011011,0.006006006006006006,0.00042392058380191636,0.011088011088011088,4.083141421895035e-22,0.0010384134500585319,0.0015041892416617626,114,339,503,525,358,116,-225
WHS-00090,10,7,17,0.01001001001001001,0.007007007007007007,0.007311270503666371,0.1822117060881106,0.029373711323179133,0.001152279359593922,0.0015502174924119242,114,43,231,238,314,101,71
WHS-00038,14,3,17,0.014014014014014014,0.003003003003003003,0.0026344189321366486,0.1945048496772635,0.05922303851071934,0.0023070926215780574,0.0007095322605248392,114,133,138,93,80,710,-19
RET-00033,17,0,17,0.017017017017017015,0.0,0.0,0.23141555152886598,0.09774196843605132,0.004632721461465685,0.0005000725896763521,114,479,4,19,3,845,-365
WHS-00030,11,6,17,0.011011011011011011,0.006006006006006006,0.003263373432909922,0.18464949435629768,0.03250856781688928,0.0013271369348190393,0.0011346058396683636,114,101,215,218,256,259,13
RET-00066,17,0,17,0.017017017017017015,0.0,0.0,0.2231009243329572,0.08281989673899808,0.0024912918145631752,0.0005000725896763521,114,479,13,37,64,845,-365
WHS-00054,10,7,17,0.01001001001001001,0.007007007007007007,0.004755284225008993,0.1791916225617883,0.021024857577596732,0.0015637783719722243,0.0011955039032245784,114,76,250,295,197,231,38
MFG-00018,9,8,17,0.009009009009009009,0.008008008008008008,0.002907477191353658,0.14712489763521744,0.010687954516935142,0.0010297334589322326,0.0015089257532652862,114,116,438,380,360,114,-2
MFG-00144,12,5,17,0.012012012012012012,0.005005005005005005,0.0008082137971819294,0.012012012012012012,9.143411353210413e-23,0.0013021937080269228,0.0010638398842395388,114,277,497,555,263,314,-163
MFG-00126,10,7,17,0.01001001001001001,0.007007007007007007,0.0022263633647724,0.15036478295634534,0.008273531454513962,0.001524427203648318,0.001448054401014374,114,158,423,412,207,130,-44
DST-00065,10,7,17,0.01001001001001001,0.007007007007007007,0.0017466828264507694,0.2071116454896787,0.04511340959412466,0.0018342074768651906,0.0007101046312436559,114,185,56,148,152,707,-71
MFG-00040,11,6,17,0.011011011011011011,0.006006006006006006,0.0005202295155045335,0.011088011088011088,3.3375413544658597e-22,0.0010953093503415644,0.0019216220629885334,114,311,503,529,338,42,-197
MFG-00005,5,11,16,0.005005005005005005,0.011011011011011011,0.0013465851629718439,0.005148005148005148,1.641301201064487e-22,0.0006366932629260217,0.0013523014459394145,135,219,546,549,510,162,-84
MFG-00104,8,8,16,0.008008008008008008,0.008008008008008008,0.00046638680625879915,0.008108108108108109,1.4735411858929234e-22,0.0007576888611359343,0.001262276439643388,135,330,513,551,469,197,-195
MFG-00138,11,5,16,0.011011011011011011,0.005005005005005005,0.00034651958837835666,0.012202678869345535,1.0905382038871979e-21,0.0010661499588678516,0.000690120852508351,135,362,496,507,347,737,-227
RET-00130,16,0,16,0.016016016016016016,0.0,0.0,0.22873715821084242,0.10241142833356581,0.0026662075450567028,0.0005000725896763521,135,479,7,17,55,845,-344
WHS-00074,11,5,16,0.011011011011011011,0.005005005005005005,0.005427088093253501,0.1874779403681138,0.06161788505394574,0.0015920174853298664,0.0010651223995252652,135,67,193,77,189,311,68
MFG-00108,9,7,16,0.009009009009009009,0.007007007007007007,0.0032604672497102303,0.16645462501249003,0.011447718087226381,0.002427815969153543,0.0014172149211725004,135,102,340,373,70,140,33
RET-00007,16,0,16,0.016016016016016016,0.0,0.0,0.21762155095488428,0.10292141076221274,0.003410501870408026,0.0005000725896763521,135,479,22,15,18,845,-344
MFG-00111,8,8,16,0.008008008008008008,0.008008008008008008,0.0023213455170372874,0.16008728372992934,0.006969188366214997,0.0008998584329392185,0.0020997089072328384,135,149,373,421,410,29,-14
MFG-00143,7,9,16,0.007007007007007007,0.009009009009009009,0.0034763861100726512,0.16096120934830613,0.010599755294136983,0.0010893197948986311,0.0015972264709218072,135,98,368,383,342,88,37
MFG-00068,11,5,16,0.011011011011011011,0.005005005005005005,0.0004628193815815833,0.1508192684663273,0.005471875909859279,0.001156641809523742,0.0008150170706041292,135,331,420,437,313,585,-196
WHS-00037,13,3,16,0.013013013013013013,0.003003003003003003,0.0011130675836107098,0.18631063186650498,0.03642625595986433,0.002024738355958069,0.0006658918217048895,135,248,205,196,118,769,-113
RET-00112,16,0,16,0.016016016016016016,0.0,0.0,0.20027677447032285,0.08357865818839384,0.0018989184127922065,0.0005000725896763521,135,479,98,36,141,845,-344
MFG-00118,9,7,16,0.009009009009009009,0.007007007007007007,0.007029790910676836,0.16509892432519055,0.011973168884169732,0.0013345136181553792,0.0012719451988386153,135,47,345,368,254,195,88
DST-00097,12,4,16,0.012012012012012012,0.004004004004004004,0.00494104381163256,0.1716976372878967,0.02585776999457714,0.0020242302289245374,0.0007739726232818022,135,74,308,256,119,631,61
MFG-00016,8,8,16,0.008008008008008008,0.008008008008008008,0.0007412587266740017,0.008108108108108109,2.18186124995064e-22,0.0007993128104868928,0.0011677286115166282,135,286,513,536,448,247,-151
RET-00008,16,0,16,0.016016016016016016,0.0,0.0,0.2093416150649855,0.10245731250048358,0.0024489340815520132,0.0005000725896763521,135,479,49,16,67,845,-344
MFG-00007,5,11,16,0.005005005005005005,0.011011011011011011,0.0003338719640463312,0.005005005005005005,3.7378108643488925e-23,0.0006146671974409433,0.001450090522219418,135,365,550,566,522,128,-230
DST-00180,11,5,16,0.011011011011011011,0.005005005005005005,0.0032912335467134663,0.19146212328030512,0.047135879736232206,0.0022660689849269603,0.0014614768767101088,135,100,160,138,88,126,35
RET-00113,16,0,16,0.016016016016016016,0.0,0.0,0.21486918207154349,0.07336673883796335,0.00267970960057111,0.0005000725896763521,135,479,29,55,51,845,-344
MFG-00058,11,5,16,0.011011011011011011,0.005005005005005005,0.0012498049247985285,0.14679196055072952,0.007960988048837155,0.0010229449386862403,0.0011212471449277667,135,225,440,415,364,274,-90
MFG-00022,10,6,16,0.01001001001001001,0.006006006006006006,0.0017611209602030433,0.010093426760093427,4.884661494381398e-22,0.001140386746295948,0.001040201369461364,135,183,506,522,320,332,-48
MFG-00010,9,7,16,0.009009009009009009,0.007007007007007007,0.0017008806878771692,0.0091000091000091,3.4121013612087768e-22,0.0011108173196871622,0.0019642163114244725,135,189,510,528,332,37,-54
MFG-00090,11,5,16,0.011011011011011011,0.005005005005005005,0.001155793694783228,0.1815487471798695,0.03505091234320699,0.0010808670660562597,0.0008074306357920042,135,239,234,203,346,596,-104
WHS-00059,12,4,16,0.012012012012012012,0.004004004004004004,0.0007797506832068331,0.1546301963465253,0.016732438007167557,0.0013345359066216443,0.0008216405755418622,135,280,404,338,253,577,-145
WHS-00040,12,4,16,0.012012012012012012,0.004004004004004004,0.004649958151134549,0.18008708319646688,0.030297828390758248,0.0014612450233664014,0.001009798785979208,135,80,246,230,219,356,55
MFG-00033,8,8,16,0.008008008008008008,0.008008008008008008,0.004021369346272477,0.17404713541016198,0.01347945248155869,0.001081499087362327,0.0018593452280130404,135,90,287,359,344,51,45
MFG-00009,8,8,16,0.008008008008008008,0.008008008008008008,0.0036562193817574903,0.16839918838880416,0.008771126844988722,0.0012404074140950345,0.002080929683326308,135,95,328,407,286,30,40
WHS-00091,11,5,16,0.011011011011011011,0.005005005005005005,0.004617638002524806,0.17889511132754377,0.019924639767799845,0.0014151372864967037,0.0015081691116257223,135,81,253,310,231,115,54
WHS-00088,9,7,16,0.009009009009009009,0.007007007007007007,0.008523651390499112,0.17864876719186829,0.027111856943244847,0.00149085536473111,0.0013542343855751382,135,35,255,246,213,161,100
RET-00020,15,0,15,0.015015015015015015,0.0,0.0,0.22479341410375894,0.09181055071009868,0.0020770926143344253,0.0005000725896763521,164,479,10,28,111,845,-315
DST-00045,7,8,15,0.007007007007007007,0.008008008008008008,0.0009769897375349738,0.1328704780159102,0.006058239718357487,0.0010358290313169465,0.000897626175444843,164,261,473,433,359,473,-97
RET-00099,15,0,15,0.015015015015015015,0.0,0.0,0.19498839169004087,0.059888557003329276,0.0020759716881790214,0.0005000725896763521,164,479,133,90,112,845,-315
WHS-00081,12,3,15,0.012012012012012012,0.003003003003003003,0.023173214181168127,0.19191528806913424,0.02950866790403669,0.0011819886449601885,0.0010805467555307074,164,9,154,237,305,301,155
DST-00184,8,7,15,0.008008008008008008,0.007007007007007007,0.00048412333628040287,0.1598899861162617,0.01486952018227525,0.0013517911187673846,0.0008272858837156032,164,322,375,353,250,570,-158
DST-00179,7,8,15,0.007007007007007007,0.008008008008008008,0.003011903818137483,0.19061818209628967,0.03806968312621099,0.0024655659130519017,0.0007917730094050559,164,112,166,188,65,612,52
DST-00080,9,6,15,0.009009009009009009,0.006006006006006006,0.0014715278495938044,0.18028729118223283,0.027409142881191475,0.002309258604627539,0.0007898530877632809,164,205,245,243,79,616,-41
MFG-00054,7,8,15,0.007007007007007007,0.008008008008008008,0.0011543443708391676,0.007118229340451562,1.8090612162360525e-22,0.0007771895669962665,0.0009331012743411205,164,240,523,547,461,439,-76
MFG-00139,9,6,15,0.009009009009009009,0.006006006006006006,0.003973767534395151,0.1597718408063236,0.037382560122989954,0.0009268488884755018,0.0008053201106931192,164,91,376,191,399,599,73
MFG-00001,6,9,15,0.006006006006006006,0.009009009009009009,0.00023422055009740184,0.006006006006006006,5.2290109992072397e-23,0.0007793476864175785,0.0011387529714629485,164,387,540,560,460,257,-223
RET-00090,15,0,15,0.015015015015015015,0.0,0.0,0.1896163178885692,0.047798182046384655,0.0023850495253804763,0.0005000725896763521,164,479,172,134,76,845,-315
DST-00034,5,10,15,0.005005005005005005,0.01001001001001001,0.0017164735762419969,0.18048794481738278,0.03384786485906167,0.0007850030665425057,0.0008407994741097156,164,186,244,208,456,556,-22
DST-00196,6,9,15,0.006006006006006006,0.009009009009009009,0.0007871511976376547,0.13455168505987838,0.003821552006723556,0.0008649572906869339,0.0009156222083463973,164,279,470,459,424,457,-115
MFG-00083,2,13,15,0.002002002002002002,0.013013013013013013,0.0006294861136350967,0.002002002002002002,1.5010106620613657e-23,0.0006228598451564124,0.0016458516550524208,164,296,577,579,516,80,-132
MFG-00069,9,6,15,0.009009009009009009,0.006006006006006006,0.0018925786400756574,0.0091000091000091,1.6040211976930283e-22,0.0009003930629311078,0.0009954868797414386,164,177,510,550,409,372,-13
DST-00128,10,5,15,0.01001001001001001,0.005005005005005005,0.0054951513429694655,0.17737863649813337,0.020166849843523554,0.0016896285070577542,0.0008197986362916221,164,66,264,307,175,579,98
RET-00101,15,0,15,0.015015015015015015,0.0,0.0,0.20101785411683654,0.07173765659201703,0.002689807237211296,0.0005000725896763521,164,479,89,60,49,845,-315
RET-00125,15,0,15,0.015015015015015015,0.0,0.0,0.1891816737326411,0.0534931864078786,0.002182248100328194,0.0005000725896763521,164,479,175,109,98,845,-315
MFG-00050,9,6,15,0.009009009009009009,0.006006006006006006,0.001429738730392071,0.1290122660448834,0.0008735262679796278,0.0009950554414045602,0.0013604846877862435,164,210,483,485,373,158,-46
DST-00192,5,10,15,0.005005005005005005,0.01001001001001001,0.006002784371688827,0.1904502858701332,0.04069631969806677,0.0017231083756923578,0.0009240815773179736,164,59,169,177,168,447,105
RET-00142,15,0,15,0.015015015015015015,0.0,0.0,0.20717878762042802,0.09475432636748923,0.0030733896669137466,0.0005000725896763521,164,479,55,22,28,845,-315
RET-00096,15,0,15,0.015015015015015015,0.0,0.0,0.20002654145994658,0.06174587409940654,0.00292205118482508,0.0005000725896763521,164,479,99,76,33,845,-315
WHS-00097,10,5,15,0.01001001001001001,0.005005005005005005,0.0019755872048134327,0.17655788613872447,0.02144266331773646,0.0007928879178575395,0.0010365362116000615,164,170,272,288,453,336,-6
MFG-00107,6,9,15,0.006006006006006006,0.009009009009009009,0.0004965611030553093,0.006131131131131131,1.454901184207194e-22,0.0007007315134422507,0.0013365042350086513,164,314,537,552,487,166,-150
MFG-00095,7,8,15,0.007007007007007007,0.008008008008008008,0.0011383379472392108,0.007007007007007007,5.788211049779121e-23,0.0009593194274597702,0.0018352575447816843,164,242,528,557,392,55,-78
DST-00014,10,5,15,0.01001001001001001,0.005005005005005005,0.005843215866902119,0.19776636392490052,0.046786104479354856,0.0019997553973007316,0.0008458177552843732,164,61,117,139,122,548,103
WHS-00018,11,4,15,0.011011011011011011,0.004004004004004004,0.005086815640913388,0.20033158544585353,0.05168704850259685,0.001342865403972083,0.001009004502197255,164,71,97,115,251,357,93
DST-00069,6,8,14,0.006006006006006006,0.008008008008008008,0.005801254176063855,0.1974653496723512,0.04357252106361197,0.002395885764645194,0.0010222353785820646,191,62,120,158,73,347,129
WHS-00082,11,3,14,0.011011011011011011,0.003003003003003003,0.0001136926181459693,0.01838573267144696,6.0077706485826094e-21,0.0009851740531654867,0.0006697045300074417,191,431,492,500,379,766,-240
RET-00103,14,0,14,0.014014014014014014,0.0,0.0,0.23593952258447373,0.09679443904783913,0.0026491057633941505,0.0005000725896763521,191,479,2,21,57,845,-288
DST-00194,6,8,14,0.006006006006006006,0.008008008008008008,0.0022310206261927272,0.17147070411675222,0.04175098441808037,0.0011042313667184332,0.000995796617387781,191,157,309,169,335,370,34
DST-00039,8,6,14,0.008008008008008008,0.006006006006006006,0.0004960494551483368,0.17523209007984,0.018870564336711176,0.0014690804106173012,0.0008623732006245246,191,315,278,323,216,528,-124
DST-00190,7,7,14,0.007007007007007007,0.007007007007007007,0.0020363560188737637,0.19503117067759282,0.031179375828898414,0.0016151857568030877,0.0010341696257036887,191,165,132,225,186,340,26
WHS-00005,7,7,14,0.007007007007007007,0.007007007007007007,0.004056322337488644,0.18470207109159276,0.019576426723591472,0.0010288070248368599,0.0009615893734584394,191,89,214,315,361,400,102
WHS-00049,13,1,14,0.013013013013013013,0.001001001001001001,0.0016786647287764574,0.20678153448316025,0.07901832426421831,0.002082389196567933,0.0011311919297744264,191,190,57,45,109,263,1
DST-00090,8,6,14,0.008008008008008008,0.006006006006006006,0.000904505858941349,0.1966273639507953,0.034886699093627294,0.0023117617127511596,0.000769290570096076,191,271,126,204,78,636,-80
DST-00143,3,11,14,0.003003003003003003,0.011011011011011011,0.002589709151246749,0.17879649219230256,0.023016580174753738,0.0006153557004359724,0.0010600503881676882,191,136,254,274,520,317,55
MFG-00084,10,4,14,0.01001001001001001,0.004004004004004004,0.001413694359801797,0.1810925945487643,0.022692891444573645,0.001337706475433298,0.0010937412431326807,191,213,237,278,252,285,-22
MFG-00036,9,5,14,0.009009009009009009,0.005005005005005005,0.0024376513907951947,0.13051784178544742,0.0014322921133045308,0.0010839021519434095,0.001202920657564139,191,143,480,480,343,228,48
WHS-00028,6,8,14,0.006006006006006006,0.008008008008008008,0.007278362302417962,0.17479754073664072,0.030227001415336078,0.0009662921768789252,0.001530572669570623,191,44,281,233,388,108,147
RET-00076,14,0,14,0.014014014014014014,0.0,0.0,0.19273452468473218,0.048041208018409436,0.0017210589078868203,0.0005000725896763521,191,479,149,131,169,845,-288
DST-00060,9,5,14,0.009009009009009009,0.005005005005005005,0.001221511584606226,0.1827249784996264,0.026524998734088236,0.0017651376726302735,0.0007154000194179706,191,230,229,249,161,703,-39
MFG-00057,7,7,14,0.007007007007007007,0.007007007007007007,0.00021478917701876174,0.007118229340451562,3.6171413797518e-22,0.0007963134656938308,0.0012793103169992375,191,393,523,527,450,191,-202
DST-00047,7,7,14,0.007007007007007007,0.007007007007007007,0.002755606001631113,0.16870576688522074,0.020722944756345497,0.0012610037889040102,0.0007497059036481058,191,126,327,299,282,661,65
RET-00089,14,0,14,0.014014014014014014,0.0,0.0,0.20999920228712002,0.06383228173515253,0.003329280701485708,0.0005000725896763521,191,479,46,70,19,845,-288
WHS-00060,11,3,14,0.011011011011011011,0.003003003003003003,0.001245659939418235,0.2008277627472674,0.039516578485337364,0.0014391053205632044,0.0007430202062429334,191,227,93,185,225,670,-36
MFG-00034,10,4,14,0.01001001001001001,0.004004004004004004,0.0009039652247437809,0.011648011648011648,1.9572982822736148e-21,0.001089691182640391,0.0007705122393126427,191,272,498,503,341,635,-81
MFG-00071,8,6,14,0.008008008008008008,0.006006006006006006,0.0014371064344509386,0.008108108108108109,3.132501335922836e-22,0.0009218033203736427,0.0009977125635601772,191,208,513,530,402,365,-17
WHS-00023,5,9,14,0.005005005005005005,0.009009009009009009,0.0049575715898376544,0.17083847081213424,0.02106140772841405,0.0007299664513663315,0.001330797652680542,191,73,312,292,481,168,118
DST-00010,6,8,14,0.006006006006006006,0.008008008008008008,0.000914743669771529,0.1602850688593214,0.008293291587408722,0.0012350035192728946,0.0008142819377664429,191,268,372,411,290,588,-77
RET-00003,14,0,14,0.014014014014014014,0.0,0.0,0.21730030030030031,0.09282108856210619,0.0030616646683782017,0.0005000725896763521,191,479,24,26,29,845,-288
MFG-00116,6,8,14,0.006006006006006006,0.008008008008008008,0.002899115670770286,0.16044364918962992,0.037382560122989954,0.0008889708156954582,0.0009464374347059022,191,117,370,191,414,416,74
RET-00014,14,0,14,0.014014014014014014,0.0,0.0,0.21639652897931044,0.1066369220861707,0.002107341555281046,0.0005000725896763521,191,479,25,13,107,845,-288
MFG-00101,8,6,14,0.008008008008008008,0.006006006006006006,0.0014493743024567123,0.14557308655154258,0.01592197609767431,0.0011470846706475193,0.0010350507192100887,191,206,447,346,316,339,-15
RET-00046,14,0,14,0.014014014014014014,0.0,0.0,0.20892503756953884,0.057032371364944864,0.0017854206666196681,0.0005000725896763521,191,479,51,101,157,845,-288
DST-00120,5,9,14,0.005005005005005005,0.009009009009009009,0.0023278069847159125,0.18334473535151888,0.03396561475985456,0.0012370510091899807,0.0009202224228020653,191,148,227,207,287,454,43
MFG-00017,7,7,14,0.007007007007007007,0.007007007007007007,0.00013200911942840246,0.007007007007007007,4.4834109317780664e-23,0.0008698212214838746,0.0008453407968838467,191,425,528,563,422,549,-234
RET-00106,14,0,14,0.014014014014014014,0.0,0.0,0.22234000712854737,0.094276620054583,0.002511609352286043,0.0005000725896763521,191,479,14,24,62,845,-288
DST-00165,6,8,14,0.006006006006006006,0.008008008008008008,0.00015799237190850825,0.14011770874515972,0.005325704450407676,0.0014312926249446306,0.0008233564035834923,191,416,461,441,229,575,-225
RET-00100,14,0,14,0.014014014014014014,0.0,0.0,0.21629094256831483,0.07982124383213207,0.0023852532830363382,0.0005000725896763521,191,479,26,43,75,845,-288
DST-00029,3,11,14,0.003003003003003003,0.011011011011011011,0.0052298845210621905,0.17052409928330012,0.014717669887266747,0.0011157834704936267,0.0013094857432515298,191,69,313,355,330,177,122
MFG-00123,8,5,13,0.008008008008008008,0.005005005005005005,0.0004777917086264955,0.008108108108108109,2.144581246579181e-22,0.0009089004736659613,0.0008940002636153715,225,326,513,537,405,484,-101
SUP-00266,0,13,13,0.0,0.013013013013013013,0.0,0.0,9.810527203015459e-26,0.00037903590918156766,0.0014433805354653027,225,479,629,629,629,132,-254
RET-00052,13,0,13,0.013013013013013013,0.0,0.0,0.18139087483578417,0.06158298167244053,0.0023921552374272965,0.0005000725896763521,225,479,236,78,74,845,-254
MFG-00121,7,6,13,0.007007007007007007,0.006006006006006006,0.0019977740934958945,0.007118229340451562,1.8836212229789705e-22,0.0011570571620785253,0.0010478381922106373,225,168,523,544,312,326,57
MFG-00049,9,4,13,0.009009009009009009,0.004004004004004004,0.00025780176317358584,0.0091000091000091,1.641301201064488e-22,0.0008715246703155869,0.0007741853103957553,225,381,510,548,420,630,-156
MFG-00031,5,8,13,0.005005005005005005,0.008008008008008008,0.0003604697519272456,0.005148005148005148,1.9768212314076161e-22,0.0005956719926148457,0.0010759665839024538,225,352,546,543,531,303,-127
WHS-00050,7,6,13,0.007007007007007007,0.006006006006006006,0.0028737814117267553,0.15298907397964004,0.004431683169131867,0.0008099237505630381,0.0015392110294781053,225,121,412,453,438,106,104
RET-00146,13,0,13,0.013013013013013013,0.0,0.0,0.23158113708735376,0.12382737532975523,0.002266410021064462,0.0005000725896763521,225,479,3,5,87,845,-254
DST-00127,6,7,13,0.006006006006006006,0.007007007007007007,0.0004507894974268337,0.1697210030543364,0.02292474548458884,0.0008043065329084562,0.0007056198905244801,225,335,318,276,444,714,-110
WHS-00072,10,3,13,0.01001001001001001,0.003003003003003003,0.0026411012414270484,0.1885679283935098,0.06217759269455472,0.0012257503505114253,0.0009761632203091185,225,131,180,74,293,383,94
DST-00152,8,5,13,0.008008008008008008,0.005005005005005005,0.0010120866933142096,0.19146212328030512,0.02300560365841465,0.001971583466897692,0.0006792290313388147,225,255,160,275,129,752,-30
DST-00018,6,7,13,0.006006006006006006,0.007007007007007007,0.0027107678633527172,0.1769431733970741,0.023195432472038664,0.0013910933738538105,0.0007559088783882708,225,128,268,271,237,650,97
RET-00095,13,0,13,0.013013013013013013,0.0,0.0,0.2083416110261748,0.05781090741178332,0.0022141815435052494,0.0005000725896763521,225,479,52,98,94,845,-254
DST-00119,7,6,13,0.007007007007007007,0.006006006006006006,0.0012497101137031493,0.15710188270130146,0.010333380906104694,0.0011128075300633773,0.0008534496166326649,225,226,390,390,331,538,-1
DST-00121,6,7,13,0.006006006006006006,0.007007007007007007,0.003186347423248392,0.1699878599773778,0.014264387558316445,0.0007864107515225577,0.001033259574945597,225,105,315,356,455,341,120
RET-00045,13,0,13,0.013013013013013013,0.0,0.0,0.19050289330827028,0.05042968381821443,0.002718666765981242,0.0005000725896763521,225,479,168,120,45,845,-254
RET-00082,13,0,13,0.013013013013013013,0.0,0.0,0.2179118097757644,0.0827455802302847,0.0028853340408534307,0.0005000725896763521,225,479,21,38,36,845,-254
RET-00127,13,0,13,0.013013013013013013,0.0,0.0,0.2216381343852373,0.09349813927283421,0.0014394092121429124,0.0005000725896763521,225,479,15,25,224,845,-254
DST-00071,8,5,13,0.008008008008008008,0.005005005005005005,0.002242877748012557,0.1866686830715608,0.02311463208324862,0.0019279396887970034,0.0008264807653498045,225,155,200,272,137,572,70
MFG-00063,8,5,13,0.008008008008008008,0.005005005005005005,0.002498768271574873,0.14712489763521744,0.005525646702648415,0.0009863852357186729,0.0010807766222649521,225,140,438,436,378,299,85
DST-00168,8,5,13,0.008008008008008008,0.005005005005005005,0.001520201828726407,0.1894490869374047,0.040234338033610914,0.002533850828208705,0.0007235274213279663,225,202,173,181,61,696,23
MFG-00076,8,5,13,0.008008008008008008,0.005005005005005005,0.0014242324834513103,0.13946972128008464,0.0036169105027598,0.0013317140406950653,0.0010747708257604635,225,212,463,461,255,305,13
MFG-00147,6,7,13,0.006006006006006006,0.007007007007007007,0.0005443775060716955,0.006406406406406407,3.132501335922836e-22,0.0007837573274798388,0.0013734652431002896,225,306,532,530,457,154,-81
MFG-00059,10,3,13,0.01001001001001001,0.003003003003003003,0.00070478197323095,0.010093426760093427,2.0886612415219918e-22,0.0008902889434821235,0.0009369692034260843,225,290,506,539,413,432,-65
DST-00031,5,8,13,0.005005005005005005,0.008008008008008008,0.0028838243207390145,0.1809410526286398,0.02537701501336719,0.0011717461650615948,0.0010811079393212531,225,118,239,258,309,298,107
MFG-00074,5,8,13,0.005005005005005005,0.008008008008008008,0.0005986133880000534,0.005148005148005148,3.7662613932376344e-22,0.0007205102264419973,0.0015301813607255274,225,300,546,526,483,109,-75
MFG-00056,6,7,13,0.006006006006006006,0.007007007007007007,0.000995987824072959,0.006131131131131131,2.0513812381505328e-22,0.0009958262509577763,0.001028755767095271,225,258,537,541,371,343,-33
DST-00046,8,5,13,0.008008008008008008,0.005005005005005005,0.0010845356579489889,0.18713274425504642,0.026483385943704547,0.0015189314079041322,0.0008303032704787214,225,249,196,250,208,568,-24
RET-00029,13,0,13,0.013013013013013013,0.0,0.0,0.2117936650100393,0.1405487154718147,0.0028451781883475106,0.0005000725896763521,225,479,38,1,38,845,-254
WHS-00077,8,5,13,0.008008008008008008,0.005005005005005005,0.0008658223606750013,0.17728168179111062,0.03361550104997569,0.0013121924511683624,0.0008053647776305839,225,274,265,211,261,598,-49
MFG-00002,7,6,13,0.007007007007007007,0.006006006006006006,0.0021544940584390816,0.1498437684623871,0.009649268705564977,0.001093805698954697,0.0013588587337810376,225,161,425,398,339,159,64
RET-00116,13,0,13,0.013013013013013013,0.0,0.0,0.2152560993140703,0.07309036333291113,0.00264032951867825,0.0005000725896763521,225,479,28,58,58,845,-254
MFG-00099,3,10,13,0.003003003003003003,0.01001001001001001,0.00035962928976979636,0.0032032032032032033,1.864981221293239e-22,0.0005140264397389554,0.0025253554222777444,225,355,562,546,566,19,-130
DST-00022,6,6,12,0.006006006006006006,0.006006006006006006,0.0026365197100642465,0.17767013795499143,0.02177043569234384,0.0009698180779003759,0.0009395203250554284,258,132,262,287,385,428,126
RET-00063,12,0,12,0.012012012012012012,0.0,0.0,0.18779239009124066,0.03046689584087073,0.0018246662183923296,0.0005000725896763521,258,479,190,228,153,845,-221
MFG-00070,4,8,12,0.004004004004004004,0.008008008008008008,0.00010535157938151057,0.004004004004004004,2.8058107800624207e-23,0.0005647211545405618,0.0011277386570213428,258,434,558,568,545,268,-176
DST-00188,5,7,12,0.005005005005005005,0.007007007007007007,0.0017138077207410896,0.17138009872488078,0.05028575301280293,0.0010022462305138858,0.0008037954765903216,258,187,310,121,369,602,71
MFG-00103,7,5,12,0.007007007007007007,0.005005005005005005,0.00027829656829790107,0.007118229340451562,1.8836212229789698e-22,0.0008079163238380431,0.0010643457727513158,258,377,523,545,441,313,-119
MFG-00003,7,5,12,0.007007007007007007,0.005005005005005005,0.0043338108785279045,0.16008728372992934,0.029906048098391962,0.0009228187321818372,0.0014429024457316576,258,85,373,236,400,133,173
DST-00011,6,6,12,0.006006006006006006,0.006006006006006006,0.0007146622859887636,0.13673559731738483,0.0027060964577576845,0.0008200959896515036,0.0007817513968332553,258,289,469,469,434,624,-31
RET-00104,12,0,12,0.012012012012012012,0.0,0.0,0.191904886929909,0.03786957679177526,0.0016622269951152857,0.0005000725896763521,258,479,155,189,180,845,-221
RET-00021,12,0,12,0.012012012012012012,0.0,0.0,0.18763063953991313,0.024263868380816758,0.0019784391109604962,0.0005000725896763521,258,479,192,263,125,845,-221
RET-00055,12,0,12,0.012012012012012012,0.0,0.0,0.18083242743436917,0.05468175538678785,0.0018428782869199043,0.0005000725896763521,258,479,241,108,151,845,-221
SUP-00117,0,12,12,0.0,0.012012012012012012,0.0,0.0,9.810527203015459e-26,0.00037903590918156766,0.0016349936882156728,258,479,629,629,629,81,-221
RET-00111,12,0,12,0.012012012012012012,0.0,0.0,0.20624366834325603,0.08759886264674062,0.0031454474859979238,0.0005000725896763521,258,479,59,31,26,845,-221
MFG-00065,4,8,12,0.004004004004004004,0.008008008008008008,0.0024535889118447386,0.17279533129293387,0.016633886951010007,0.0006841958210317795,0.001218196818323544,258,141,302,339,494,219,117
DST-00166,6,6,12,0.006006006006006006,0.006006006006006006,4.8454802407151554e-05,0.011122233344455567,1.1135635112326757e-20,0.0007488926312434537,0.0006594985130487536,258,452,502,496,471,772,-194
MFG-00086,6,6,12,0.006006006006006006,0.006006006006006006,0.0003991472850240885,0.00715000715000715,7.289221711840482e-22,0.0007979988787620836,0.0011523232116406738,258,343,522,514,449,251,-85
MFG-00132,5,7,12,0.005005005005005005,0.007007007007007007,0.00035960970972405377,0.005005005005005005,3.924210881206187e-23,0.0007092564964397113,0.0009577112365097265,258,356,550,565,484,406,-98
MFG-00030,3,9,12,0.003003003003003003,0.009009009009009009,0.0004793744020218986,0.003003003003003003,2.2466107294905392e-23,0.0005436606751741223,0.00120013004757232,258,323,566,574,553,230,-65
MFG-00041,9,3,12,0.009009009009009009,0.003003003003003003,0.002239271593418318,0.14745934841411087,0.005343977258467571,0.00137819974730766,0.0008711346672964106,258,156,437,440,241,517,102
WHS-00006,9,3,12,0.009009009009009009,0.003003003003003003,0.004439745426989065,0.20214199865181479,0.04414004964010604,0.0016596039220392188,0.0010159658755214253,258,83,84,156,181,350,175
MFG-00127,4,8,12,0.004004004004004004,0.008008008008008008,0.001967820678471747,0.15585624067123346,0.018446501567300006,0.000621606328973771,0.00127725636369699,258,171,399,326,517,192,87
RET-00121,12,0,12,0.012012012012012012,0.0,0.0,0.20220251115312843,0.06239788484902626,0.001637974144193276,0.0005000725896763521,258,479,83,73,182,845,-221
RET-00080,12,0,12,0.012012012012012012,0.0,0.0,0.19125476076017486,0.08078631417406923,0.001922035219073323,0.0005000725896763521,258,479,163,41,138,845,-221
DST-00105,8,4,12,0.008008008008008008,0.004004004004004004,0.008636813475544446,0.20214199865181479,0.061508880274080004,0.00197292955792706,0.0008392573401115951,258,33,84,79,128,560,225
SUP-00018,0,12,12,0.0,0.012012012012012012,0.0,0.0,9.810527203015459e-26,0.00037903590918156766,0.0017248350608363482,258,479,629,629,629,69,-221
DST-00100,4,8,12,0.004004004004004004,0.008008008008008008,0.0013550516469128142,0.17713644829974706,0.033839829955195945,0.0009215014824132805,0.0008536891643931314,258,217,266,209,403,537,41
MFG-00072,4,8,12,0.004004004004004004,0.008008008008008008,0.00073820162819541,0.004170837504170838,2.0700212398362613e-22,0.0008083126106909698,0.0015948036541998851,258,287,557,540,439,90,-29
DST-00001,7,5,12,0.007007007007007007,0.005005005005005005,0.002246976922406051,0.20296422830840855,0.041128491567112166,0.0022090060938708546,0.0007196724251162757,258,154,79,173,96,701,104
DST-00003,6,6,12,0.006006006006006006,0.006006006006006006,0.0003811042927742077,0.15852240314605906,0.011311713568831127,0.00131922935986855,0.0008721516219510395,258,346,384,374,257,516,-88
RET-00122,12,0,12,0.012012012012012012,0.0,0.0,0.20935822657212522,0.07878159484034149,0.0042141287188738495,0.0005000725896763521,258,479,48,46,4,845,-221
DST-00132,7,5,12,0.007007007007007007,0.005005005005005005,0.0005741787468836195,0.1868638753696225,0.02680552151287049,0.0012798128493844044,0.0007134570082188885,258,302,197,247,273,706,-44
DST-00169,2,10,12,0.002002002002002002,0.01001001001001001,0.0012420929764604038,0.007536948713419302,4.2409829940643496e-20,0.0006760698227144201,0.0010109388437171498,258,228,518,492,499,354,30
MFG-00011,7,5,12,0.007007007007007007,0.005005005005005005,0.0003236053311432439,0.007118229340451562,3.0020213241227313e-22,0.0008329733590520388,0.001025153217752964,258,369,523,532,428,346,-111
DST-00079,5,7,12,0.005005005005005005,0.007007007007007007,0.0020564757503233905,0.1302034672167149,0.0012678711569575646,0.0014520068134008838,0.0007513519679265656,258,163,481,483,222,658,95
DST-00073,5,7,12,0.005005005005005005,0.007007007007007007,0.0004994802122989001,0.15653322241160078,0.01065500365215391,0.0010174559470706274,0.0009213610669242464,258,313,393,381,367,452,-55
MFG-00137,9,3,12,0.009009009009009009,0.003003003003003003,0.0005334396171626186,0.16791966701363545,0.016017723852932757,0.001273301601167947,0.0008413135833889923,258,309,331,344,278,555,-51
DST-00007,8,4,12,0.008008008008008008,0.004004004004004004,0.0005482549440811527,0.18416490690633994,0.017353088376293405,0.0015630489665307559,0.0006613724189938478,258,304,221,336,198,771,-46
RET-00006,12,0,12,0.012012012012012012,0.0,0.0,0.18895678286982634,0.052462792031270716,0.0018788384585899376,0.0005000725896763521,258,479,178,113,147,845,-221
DST-00186,8,4,12,0.008008008008008008,0.004004004004004004,0.000925124506811016,0.18149795010455336,0.023473371277950877,0.0010898087202695812,0.0006959028446187454,258,267,235,268,340,729,-9
MFG-00043,7,5,12,0.007007007007007007,0.005005005005005005,0.00017211293931400815,0.007007007007007007,4.856210965492654e-23,0.000866245902688364,0.0007414859840851596,258,413,528,562,423,676,-155
MFG-00014,6,6,12,0.006006006006006006,0.006006006006006006,0.0002296575053199413,0.006006006006006006,5.415411016064537e-23,0.0008419861888056381,0.0010360236207481001,258,388,540,559,427,337,-130
DST-00015,6,6,12,0.006006006006006006,0.006006006006006006,0.0005350146478765944,0.14949842675125,0.00424477587423508,0.0008827353249627661,0.0008448167911262953,258,307,428,455,419,551,-49
DST-00111,6,6,12,0.006006006006006006,0.006006006006006006,0.0009138829172997957,0.1570638435045215,0.006532096934971225,0.0011474741089896833,0.0007357247448722081,258,269,391,427,315,682,-11
WHS-00043,9,3,12,0.009009009009009009,0.003003003003003003,0.001352053050040697,0.1838644199755311,0.01786707817511995,0.0012420915289359019,0.0007997044183787622,258,218,222,331,285,605,40
WHS-00026,7,5,12,0.007007007007007007,0.005005005005005005,0.0031633653918804266,0.18053817803330746,0.0179242565386731,0.0009667839066583744,0.0017721685896083719,258,108,243,329,387,63,150
DST-00008,5,7,12,0.005005005005005005,0.007007007007007007,0.002154574067301235,0.19910180284643147,0.030294688685594158,0.0012932877977684266,0.0008937799564592392,258,160,107,231,269,485,98
MFG-00079,5,7,12,0.005005005005005005,0.007007007007007007,0.0018964984819480153,0.17279533129293387,0.016633886951010007,0.0008081749190174535,0.0008954680296752071,258,176,302,339,440,481,82
DST-00082,4,8,12,0.004004004004004004,0.008008008008008008,0.002647513700420174,0.1739071511189474,0.02204531011272321,0.0013128298474389323,0.0009994229840324586,258,129,291,284,260,364,129
RET-00138,12,0,12,0.012012012012012012,0.0,0.0,0.19478912593666692,0.04438132341691388,0.0021277980750991307,0.0005000725896763521,258,479,135,154,103,845,-221
WHS-00019,11,1,12,0.011011011011011011,0.001001001001001001,1.2088260807922353e-05,0.13983288307612632,0.011066657712148162,0.0014048111880235507,0.0005554553472713189,258,472,462,376,232,840,-214
RET-00047,11,0,11,0.011011011011011011,0.0,0.0,0.19482991658723875,0.048594441136970395,0.0020289613492910016,0.0005000725896763521,307,479,134,130,117,845,-172
WHS-00083,8,3,11,0.008008008008008008,0.003003003003003003,0.0011314542407158317,0.16497295871660064,0.032258558399447634,0.0011654532248880042,0.0010722452840532454,307,246,346,220,310,306,61
DST-00187,4,7,11,0.004004004004004004,0.007007007007007007,0.0011382989979880423,0.1464605269075804,0.008859542627888845,0.0009885540239590045,0.0009024665044356434,307,243,445,406,375,468,64
MFG-00145,7,4,11,0.007007007007007007,0.004004004004004004,0.0008006570610958691,0.007371007371007371,5.537061553381923e-22,0.0008227889698103356,0.000880789091013003,307,278,520,521,433,507,29
MFG-00078,3,8,11,0.003003003003003003,0.008008008008008008,0.0005495764810387235,0.003003003003003003,2.6194107632051262e-23,0.0005745467562385551,0.0012768033335496115,307,303,566,571,543,193,4
RET-00058,11,0,11,0.011011011011011011,0.0,0.0,0.19315582248915583,0.036240192424363056,0.0019144595433228785,0.0005000725896763521,307,479,145,197,140,845,-172
RET-00049,11,0,11,0.011011011011011011,0.0,0.0,0.22128340152780074,0.0685761710295435,0.00189002920269725,0.0005000725896763521,307,479,16,62,144,845,-172
DST-00144,5,6,11,0.005005005005005005,0.006006006006006006,0.0023541114970955764,0.15485167669459865,0.009271698055611746,0.0011411177297944769,0.0009231732541137845,307,147,402,400,319,450,160
RET-00001,11,0,11,0.011011011011011011,0.0,0.0,0.17788111217380834,0.05891814508357929,0.0018982586818341975,0.0005000725896763521,307,479,260,94,142,845,-172
RET-00092,11,0,11,0.011011011011011011,0.0,0.0,0.19904691958564014,0.059543762654617596,0.0015790045560828531,0.0005000725896763521,307,479,108,92,194,845,-172
DST-00164,5,6,11,0.005005005005005005,0.006006006006006006,0.0029636300324002995,0.18533533533533536,0.024764310606353184,0.001066043621891071,0.0007521949440075064,307,114,211,259,348,653,193
MFG-00109,6,5,11,0.006006006006006006,0.005005005005005005,0.0015569574970369625,0.14187963116222083,0.0069188700392281335,0.0008968299370467816,0.0010445604405995607,307,197,456,422,411,330,110
DST-00199,4,7,11,0.004004004004004004,0.007007007007007007,0.0007537389218738923,0.14101601601601602,0.00665855900058903,0.0009386703993421823,0.0009009362068784072,307,285,459,425,396,470,22
WHS-00035,9,2,11,0.009009009009009009,0.002002002002002002,0.0011880170972103318,0.1825193229245002,0.03615006323749788,0.0017462862517382785,0.0006878362835053852,307,236,230,198,163,740,71
RET-00013,11,0,11,0.011011011011011011,0.0,0.0,0.21352797278116636,0.09468124028109728,0.002205970871914172,0.0005000725896763521,307,479,34,23,97,845,-172
DST-00076,3,8,11,0.003003003003003003,0.008008008008008008,0.0007041610671930595,0.13165692585217653,0.001273850668907852,0.0006604355956635179,0.0008858791099139911,307,291,475,482,502,496,16
DST-00191,5,6,11,0.005005005005005005,0.006006006006006006,0.0020020674482129634,0.19508982666877406,0.036094481138496046,0.0012648304157699749,0.0007801510859385889,307,167,131,199,281,627,140
WHS-00098,10,1,11,0.01001001001001001,0.001001001001001001,0.007724247674340423,0.18845835957980062,0.03661496326739469,0.002074263303568182,0.0007337266957604383,307,39,183,195,113,685,268
RET-00019,11,0,11,0.011011011011011011,0.0,0.0,0.1883795730840922,0.03420688057558424,0.0016708194231862307,0.0005000725896763521,307,479,186,206,178,845,-172
MFG-00081,7,4,11,0.007007007007007007,0.004004004004004004,0.0012252168429511003,0.14942954933740468,0.0038597074822259913,0.0007052623428415816,0.0009638050547603584,307,229,430,457,485,395,78
RET-00037,11,0,11,0.011011011011011011,0.0,0.0,0.19186583603761517,0.040211089801659515,0.002267497783199529,0.0005000725896763521,307,479,156,182,86,845,-172
MFG-00013,7,4,11,0.007007007007007007,0.004004004004004004,0.000764309875410824,0.007371007371007371,6.748661662954333e-22,0.0009616170039261213,0.0010837461198566806,307,282,520,517,390,293,25
DST-00197,6,5,11,0.006006006006006006,0.005005005005005005,0.0016240661773383814,0.17708809000100292,0.030969620109435877,0.001573945116925895,0.000739181005166649,307,193,267,226,195,679,114
DST-00058,5,6,11,0.005005005005005005,0.006006006006006006,0.0019235199226531514,0.161482119410922,0.021778080029525543,0.0010411999373122476,0.0008884246122670253,307,175,364,286,355,492,132
MFG-00140,0,11,11,0.0,0.011011011011011011,0.0,0.0,9.810527203015459e-26,0.00037903590918156766,0.0012723074890344096,307,479,629,629,629,194,-172
RET-00032,11,0,11,0.011011011011011011,0.0,0.0,0.2050082869755001,0.06139967007208208,0.0022566088116314806,0.0005000725896763521,307,479,68,81,89,845,-172
MFG-00150,4,7,11,0.004004004004004004,0.007007007007007007,0.000719608099045309,0.004904904904904904,6.245381617439642e-22,0.0006263449552415077,0.0012252444134395477,307,288,553,519,514,216,19
WHS-00032,6,5,11,0.006006006006006006,0.005005005005005005,0.00264235918112334,0.17670217207128133,0.06358020833728177,0.0010405390207310471,0.0009092882898273861,307,130,271,71,357,462,177
MFG-00075,8,3,11,0.008008008008008008,0.003003003003003003,0.000225276037507019,0.14557308655154258,0.013268313414728589,0.0010221869872643243,0.0007982962263723477,307,389,447,362,365,606,-82
DST-00087,6,5,11,0.006006006006006006,0.005005005005005005,0.0013161677918779127,0.1866149809187784,0.046545092463396456,0.0018155859731800474,0.0009628869645515229,307,222,201,141,154,396,85
DST-00093,6,5,11,0.006006006006006006,0.005005005005005005,0.005920292700403754,0.19740525674792261,0.044421164419968275,0.001129491507970526,0.0007416457752795823,307,60,121,153,325,673,247
MFG-00124,3,8,11,0.003003003003003003,0.008008008008008008,7.930853568014531e-05,0.003003003003003003,1.687410678918659e-23,0.0004794451015368978,0.0015310871373819745,307,442,566,577,580,107,-135
DST-00028,4,7,11,0.004004004004004004,0.007007007007007007,0.0010470911236451256,0.1821605373978303,0.03886475432059793,0.0014676452484013414,0.0008518411116678175,307,252,232,187,217,541,55
RET-00057,11,0,11,0.011011011011011011,0.0,0.0,0.19980430689283746,0.057110930920177244,0.001897198950514508,0.0005000725896763521,307,479,101,100,143,845,-172
DST-00138,3,8,11,0.003003003003003003,0.008008008008008008,0.001027132750486435,0.14939513442507454,0.005141345358173613,0.0009867129419222033,0.0008637277611911989,307,253,431,446,377,526,54
SUP-00245,0,11,11,0.0,0.011011011011011011,0.0,0.0,9.810527203015459e-26,0.00037903590918156766,0.0015179541835739399,307,479,629,629,629,112,-172
SUP-00120,1,10,11,0.001001001001001001,0.01001001001001001,0.0001362206071461183,0.001001001001001001,9.418106114894841e-24,0.0004866052926998815,0.0013757314879775176,307,423,589,591,574,151,-116
DST-00037,5,6,11,0.005005005005005005,0.006006006006006006,0.001124022261317492,0.17376739182257533,0.026602776072694748,0.0009924023747682356,0.0007938308680383182,307,247,294,248,374,610,60
SUP-00161,0,10,10,0.0,0.01001001001001001,0.0,0.0,9.810527203015459e-26,0.00037903590918156766,0.001440108891562676,345,479,629,629,629,134,-134
SUP-00088,0,10,10,0.0,0.01001001001001001,0.0,0.0,9.810527203015459e-26,0.00037903590918156766,0.0018921710440952724,345,479,629,629,629,46,-134
DST-00198,8,2,10,0.008008008008008008,0.002002002002002002,0.0010137027159942322,0.18851312806558376,0.05586907739102097,0.0028070660871872765,0.0006014915131012093,345,254,182,106,42,819,91
DST-00176,6,4,10,0.006006006006006006,0.004004004004004004,0.0011982386572885427,0.1968063330320612,0.0395859514844558,0.0015922703933838934,0.0007963504809221371,345,233,123,183,188,609,112
MFG-00088,4,6,10,0.004004004004004004,0.006006006006006006,0.000978425229050663,0.0045045045045045045,4.344101445495247e-22,0.0006489507908421538,0.0009077429379188557,345,260,554,524,508,463,85
RET-00004,10,0,10,0.01001001001001001,0.0,0.0,0.17473730414906885,0.018683327955445497,0.0011833421361133927,0.0005000725896763521,345,479,283,325,304,845,-134
MFG-00105,6,4,10,0.006006006006006006,0.004004004004004004,0.000355364054614966,0.006406406406406407,7.8670617640980975e-22,0.0009054763514248451,0.0008094213087280471,345,357,532,512,408,592,-12
MFG-00149,6,4,10,0.006006006006006006,0.004004004004004004,0.0005326817158553328,0.1735813951494979,0.020792358688762513,0.000819898101587827,0.0007408904358500673,345,310,296,296,435,678,35
MFG-00113,5,5,10,0.005005005005005005,0.005005005005005005,0.0010659809742641917,0.005148005148005148,1.9954612330933457e-22,0.0006590444738747484,0.0011314384991710298,345,251,546,542,503,262,94
SUP-00188,3,7,10,0.003003003003003003,0.007007007007007007,0.0006209256897734747,0.003003003003003003,2.060210712633246e-23,0.0009604228153400735,0.0009525908469214344,345,297,566,575,391,412,48
SUP-00162,3,7,10,0.003003003003003003,0.007007007007007007,0.0014854533892610046,0.003003003003003003,2.992210796919715e-23,0.0012037345161553072,0.0013243646448416943,345,203,566,567,298,171,142
MFG-00091,4,6,10,0.004004004004004004,0.006006006006006006,0.00037797565164501146,0.004004004004004004,2.8058107800624207e-23,0.0006692491417986854,0.0013213597322691735,345,347,558,568,501,174,-2
MFG-00067,4,6,10,0.004004004004004004,0.006006006006006006,0.00021238614710944969,0.0045045045045045045,7.046901689926007e-22,0.0006835856306825539,0.0010596235023574321,345,394,554,515,497,318,-49
DST-00074,3,7,10,0.003003003003003003,0.007007007007007007,0.00026837810980594347,0.15433587287025308,0.006550215956342498,0.0007810180273497632,0.0007335862630759951,345,378,408,426,459,686,-33
DST-00061,6,4,10,0.006006006006006006,0.004004004004004004,0.004672038490117866,0.18185412774703494,0.017829667618459614,0.0018706796695504503,0.0006870286173481887,345,78,233,333,149,741,267
SUP-00041,0,10,10,0.0,0.01001001001001001,0.0,0.0,9.810527203015459e-26,0.00037903590918156766,0.0014808785957604663,345,479,629,629,629,120,-134
RET-00035,10,0,10,0.01001001001001001,0.0,0.0,0.17327059934835656,0.019356572264242863,0.0013137432267474305,0.0005000725896763521,345,479,297,319,259,845,-134
MFG-00066,5,5,10,0.005005005005005005,0.005005005005005005,0.0019637678985450747,0.14675874969992617,0.007125303011290095,0.000796050890842735,0.0010582965093790136,345,173,441,419,451,321,172
SUP-00072,0,10,10,0.0,0.01001001001001001,0.0,0.0,9.810527203015459e-26,0.00037903590918156766,0.0016811481762321907,345,479,629,629,629,75,-134
RET-00132,10,0,10,0.01001001001001001,0.0,0.0,0.19687747087081026,0.06213937032097392,0.0020581813585356834,0.0005000725896763521,345,479,122,75,114,845,-134
DST-00173,3,7,10,0.003003003003003003,0.007007007007007007,0.001549640531569146,0.1891728415496278,0.0212475665044587,0.0009729881473215273,0.0007521157129791259,345,198,176,290,384,654,147
DST-00181,2,8,10,0.002002002002002002,0.008008008008008008,0.0024101415690568153,0.16294239479368847,0.010644277146513108,0.0005793334553780749,0.0009552240290281568,345,145,358,382,541,411,200
DST-00077,5,5,10,0.005005005005005005,0.005005005005005005,0.0003522243803244402,0.16580476447891032,0.017851624823576787,0.0016899153815191372,0.0007416436443809765,345,358,343,332,174,674,-13
WHS-00015,0,10,10,0.0,0.01001001001001001,0.0,0.0,9.810527203015459e-26,0.00037903590918156766,0.0013153035247789168,345,479,629,629,629,175,-134
RET-00119,10,0,10,0.01001001001001001,0.0,0.0,0.21355871470813997,0.07312796754036756,0.0013768363229055532,0.0005000725896763521,345,479,33,57,242,845,-134
SUP-00163,0,10,10,0.0,0.01001001001001001,0.0,0.0,9.810527203015459e-26,0.00037903590918156766,0.001929850050497685,345,479,629,629,629,40,-134
SUP-00107,0,10,10,0.0,0.01001001001001001,0.0,0.0,9.810527203015459e-26,0.00037903590918156766,0.0017953716079254528,345,479,629,629,629,60,-134
RET-00137,10,0,10,0.01001001001001001,0.0,0.0,0.20565663702918605,0.060980885836323176,0.001290404848237832,0.0005000725896763521,345,479,64,84,270,845,-134
WHS-00075,2,8,10,0.002002002002002002,0.008008008008008008,0.0031863129175704885,0.1543726020165811,0.013793508776952505,0.00047380498922121127,0.00108281030678841,345,106,407,357,584,295,239
DST-00013,4,6,10,0.004004004004004004,0.006006006006006006,0.0029342476668669927,0.1998994371875728,0.03284356804412074,0.001447082537367285,0.0007137150555030836,345,115,100,216,223,704,230
WHS-00024,6,4,10,0.006006006006006006,0.004004004004004004,0.0018651772637458127,0.15474085726948325,0.007265428150085245,0.0008291272044252073,0.0008310599083268062,345,178,403,418,430,565,167
DST-00133,3,7,10,0.003003003003003003,0.007007007007007007,0.0007593878202293013,0.15525937617847624,0.013156262716200025,0.0006876331076523428,0.000979012611774092,345,284,400,363,491,380,61
SUP-00259,0,10,10,0.0,0.01001001001001001,0.0,0.0,9.810527203015459e-26,0.00037903590918156766,0.0015456624450312997,345,479,629,629,629,102,-134
DST-00195,5,5,10,0.005005005005005005,0.005005005005005005,0.0005986804348463382,0.1695878885421369,0.02468638931219202,0.0019166292461137708,0.0006741845418105439,345,299,321,261,139,761,46
DST-00178,3,7,10,0.003003003003003003,0.007007007007007007,0.0003748372974281729,0.13722734793181166,0.002404482072234227,0.0006548742381774883,0.001013046129186124,345,349,468,474,505,353,-4
DST-00044,4,6,10,0.004004004004004004,0.006006006006006006,0.002883272008964059,0.16839918838880416,0.019884650493005897,0.0012947392323610183,0.0008265521094111394,345,119,328,311,268,571,226
RET-00087,10,0,10,0.01001001001001001,0.0,0.0,0.18611513631547977,0.046091022020337484,0.0016880479718773594,0.0005000725896763521,345,479,207,144,176,845,-134
MFG-00085,3,7,10,0.003003003003003003,0.007007007007007007,0.00019084247983222402,0.003003003003003003,2.2466107294905404e-23,0.0005565253919867856,0.0008962514647159118,345,404,566,573,548,479,-59
SUP-00284,1,9,10,0.001001001001001001,0.009009009009009009,4.5328262874466386e-05,0.001001001001001001,5.690105777748966e-24,0.0004535070208480927,0.0016503978561042212,345,455,589,605,593,79,-110
DST-00070,1,9,10,0.001001001001001001,0.009009009009009009,0.0001840096848688715,0.14759355487455603,0.00471085150228445,0.0005284023066820262,0.000749282045485728,345,406,436,450,559,662,-61
WHS-00047,4,6,10,0.004004004004004004,0.006006006006006006,0.0017120868089484957,0.14357540364623145,0.004749006806256477,0.0006869708976151231,0.0011935201891161323,345,188,453,448,493,235,157
DST-00170,2,8,10,0.002002002002002002,0.008008008008008008,0.001854554696592054,0.15736867386552006,0.004733592252096471,0.0006142683211472488,0.0011007729603252916,345,179,389,449,523,283,166
MFG-00133,5,5,10,0.005005005005005005,0.005005005005005005,0.00026279665836557395,0.005005005005005005,2.433010746347833e-23,0.0006098704092470899,0.0009974843123033241,345,379,550,572,526,367,-34
RET-00002,10,0,10,0.01001001001001001,0.0,0.0,0.2124424326319132,0.0973083996264698,0.0016937208297999433,0.0005000725896763521,345,479,37,20,173,845,-134
DST-00092,5,5,10,0.005005005005005005,0.005005005005005005,0.0003597416313265095,0.1694549826733735,0.0109178885978344,0.001202930201653753,0.0006769280876439022,345,354,322,379,299,756,-9
MFG-00129,7,3,10,0.007007007007007007,0.003003003003003003,0.0016432470394253187,0.1590666193412638,0.04485907214758794,0.0008885501065668247,0.0008760931742177386,345,191,380,149,415,512,154
DST-00118,7,3,10,0.007007007007007007,0.003003003003003003,0.0028759944766158533,0.18428229365729368,0.02455529023374151,0.001387648149253949,0.0006816679461775297,345,120,219,262,238,748,225
DST-00145,3,7,10,0.003003003003003003,0.007007007007007007,0.0009320675220980324,0.12852658483726448,0.0007080071345202547,0.0006838174762462759,0.000896297959327583,345,265,485,486,496,478,80
DST-00085,5,5,10,0.005005005005005005,0.005005005005005005,0.0026056990738895394,0.16649734950556308,0.013412013504099627,0.0019627644036985335,0.0007859724696275456,345,135,339,360,131,620,210
DST-00059,4,6,10,0.004004004004004004,0.006006006006006006,0.001007826982863202,0.1683554823964894,0.005226108654908606,0.0006358704266294477,0.0008969109161695696,345,256,330,445,511,475,89
DST-00101,7,3,10,0.007007007007007007,0.003003003003003003,0.001983317585147995,0.17404713541016198,0.023903040249689977,0.0017306163207514182,0.0006841238248161236,345,169,287,264,166,746,176
DST-00094,6,4,10,0.006006006006006006,0.004004004004004004,0.0007613224960255963,0.17376739182257533,0.008628558157712405,0.0011302423516253858,0.0006724425606851054,345,283,294,408,323,762,62
RET-00129,10,0,10,0.01001001001001001,0.0,0.0,0.19881088774043942,0.04169423230184143,0.001181831771271007,0.0005000725896763521,345,479,111,170,306,845,-134
DST-00051,1,8,9,0.001001001001001001,0.008008008008008008,0.00037593956240553376,0.14485789943583602,0.001697910349694032,0.00039057335880111747,0.0009420061730426963,398,348,451,477,628,425,50
MFG-00093,3,6,9,0.003003003003003003,0.006006006006006006,0.0005073060179303281,0.004004004004004004,6.897781676440171e-22,0.0006044857770653223,0.0013011699182250028,398,312,558,516,527,182,86
SUP-00005,0,9,9,0.0,0.009009009009009009,0.0,0.0,9.810527203015459e-26,0.00037903590918156766,0.0022533111085691116,398,479,629,629,629,25,-81
SUP-00029,1,8,9,0.001001001001001001,0.008008008008008008,4.582284698071828e-05,0.001001001001001001,9.418106114894841e-24,0.0005031544286257759,0.0012463359144628812,398,453,589,591,567,208,-55
RET-00109,9,0,9,0.009009009009009009,0.0,0.0,0.19967575011768854,0.08131809185310827,0.002596146404387099,0.0005000725896763521,398,479,102,40,60,845,-81
DST-00135,1,8,9,0.001001001001001001,0.008008008008008008,0.00012171941015581744,0.0065065065065065065,4.3320344970355355e-21,0.0004952328506054962,0.0010806693836091872,398,428,531,501,571,300,-30
SUP-00211,1,8,9,0.001001001001001001,0.008008008008008008,0.0004914734373652211,0.001001001001001001,5.690105777748966e-24,0.0004866052926998815,0.0010866736111396658,398,316,589,605,574,290,82
RET-00140,9,0,9,0.009009009009009009,0.0,0.0,0.2058519424774569,0.06580157229907536,0.0015996737626307615,0.0005000725896763521,398,479,62,66,187,845,-81
RET-00098,9,0,9,0.009009009009009009,0.0,0.0,0.21022279938758495,0.04225457716652871,0.0014378963825790452,0.0005000725896763521,398,479,44,165,226,845,-81
MFG-00122,6,3,9,0.006006006006006006,0.003003003003003003,0.00014884256673505393,0.006131131131131131,2.144581246579179e-22,0.0007672744314891906,0.0009801807170959265,398,418,537,538,467,379,-20
SUP-00233,0,9,9,0.0,0.009009009009009009,0.0,0.0,9.810527203015459e-26,0.00037903590918156766,0.001498022545814499,398,479,629,629,629,117,-81
RET-00069,9,0,9,0.009009009009009009,0.0,0.0,0.2024536959319568,0.045406582751504894,0.0015684181248299086,0.0005000725896763521,398,479,81,147,196,845,-81
SUP-00113,0,9,9,0.0,0.009009009009009009,0.0,0.0,9.810527203015459e-26,0.00037903590918156766,0.0013243547198435953,398,479,629,629,629,172,-81
RET-00022,9,0,9,0.009009009009009009,0.0,0.0,0.196105635188868,0.04928561609663084,0.0015017612447689546,0.0005000725896763521,398,479,129,125,211,845,-81
SUP-00166,0,9,9,0.0,0.009009009009009009,0.0,0.0,9.810527203015459e-26,0.00037903590918156766,0.0014322697973321807,398,479,629,629,629,135,-81
RET-00107,9,0,9,0.009009009009009009,0.0,0.0,0.21430009891548354,0.05991534510971411,0.0014181293777961344,0.0005000725896763521,398,479,31,89,230,845,-81
LOG-00036,0,9,9,0.0,0.009009009009009009,0.0,0.0,9.810527203015459e-26,0.00037903590918156766,0.0013017220288984634,398,479,629,629,629,181,-81
DST-00063,4,5,9,0.004004004004004004,0.005005005005005005,0.000936365182864018,0.1938074913874137,0.02880563675513753,0.0010586654078901662,0.0006792126743509889,398,264,141,240,351,753,134
RET-00147,9,0,9,0.009009009009009009,0.0,0.0,0.20997296941759322,0.061078236195600856,0.0017354155565584984,0.0005000725896763521,398,479,47,82,164,845,-81
MFG-00045,4,5,9,0.004004004004004004,0.005005005005005005,0.0007698459728996171,0.1498437684623871,0.00596021179887185,0.0012741180102564516,0.0010643973906970705,398,281,425,434,276,312,117
DST-00140,5,4,9,0.005005005005005005,0.004004004004004004,0.0004545653319133876,0.19086770950580756,0.03784157212491414,0.0011939477481702765,0.0006160314365620107,398,333,165,190,301,810,65
DST-00056,3,6,9,0.003003003003003003,0.006006006006006006,0.0003716500492636344,0.16602858297252976,0.01353562867952405,0.0007750866438314941,0.000701571010739358,398,351,341,358,462,720,47
DST-00020,2,7,9,0.002002002002002002,0.007007007007007007,0.0023095268910132876,0.15694983635946616,0.020203115926508825,0.0020815748588743684,0.000978557150070992,398,150,392,306,110,381,248
DST-00161,1,8,9,0.001001001001001001,0.008008008008008008,0.00018025168129297956,0.0025025025025025025,7.963106825415618e-21,0.0004940549494952071,0.000910803598821488,398,408,574,498,572,460,-10
DST-00183,1,8,9,0.001001001001001001,0.008008008008008008,5.535689542592237e-05,0.006328909554716006,1.547316350459598e-20,0.00045164852678339313,0.0007039229804444501,398,450,534,494,595,719,-52
RET-00102,9,0,9,0.009009009009009009,0.0,0.0,0.1967705707518566,0.06104763711960856,0.0023004298835735833,0.0005000725896763521,398,479,124,83,81,845,-81
MFG-00051,3,6,9,0.003003003003003003,0.006006006006006006,0.00012981747892042126,0.0032032032032032033,4.474581457295351e-22,0.0006493089831762779,0.0012173060529912798,398,426,562,523,507,221,-28
DST-00146,4,5,9,0.004004004004004004,0.005005005005005005,0.0027601137067647078,0.1810925945487643,0.04746222194177215,0.001986645294273461,0.0007606914865777819,398,125,237,137,123,646,273
RET-00031,9,0,9,0.009009009009009009,0.0,0.0,0.21022279938758495,0.06005298017507633,0.002293140657323714,0.0005000725896763521,398,479,44,88,82,845,-81
RET-00108,9,0,9,0.009009009009009009,0.0,0.0,0.19241466968739696,0.03682661262307114,0.0015840820022889942,0.0005000725896763521,398,479,151,194,191,845,-81
SUP-00262,1,8,9,0.001001001001001001,0.008008008008008008,0.00011968417390372412,0.001001001001001001,9.418106114894841e-24,0.00044109516890367183,0.0011190334402223336,398,429,589,591,606,275,-31
MFG-00142,2,7,9,0.002002002002002002,0.007007007007007007,0.0001072915675268529,0.002002002002002002,1.128210628346778e-23,0.00044818765572905516,0.0010037028356134068,398,433,577,590,597,362,-35
RET-00123,9,0,9,0.009009009009009009,0.0,0.0,0.20589713847432817,0.08014442522831214,0.0015825709636461285,0.0005000725896763521,398,479,61,42,193,845,-81
WHS-00031,5,4,9,0.005005005005005005,0.004004004004004004,0.0009972759047621642,0.11952711879006332,0.0004753976563509942,0.000673544963521105,0.001125341882080987,398,257,489,489,500,272,141
MFG-00119,4,5,9,0.004004004004004004,0.005005005005005005,0.00028884928869928256,0.004004004004004004,2.8058107800624207e-23,0.0006152058697906863,0.0010460780873232914,398,376,558,568,521,328,22
SUP-00017,0,9,9,0.0,0.009009009009009009,0.0,0.0,9.810527203015459e-26,0.00037903590918156766,0.0015696943874512926,398,479,629,629,629,97,-81
DST-00035,3,6,9,0.003003003003003003,0.006006006006006006,0.0009554999456893815,0.1616430784135743,0.010594482152412129,0.0006888406647980413,0.0010401802934300434,398,263,362,384,490,333,135
DST-00125,2,7,9,0.002002002002002002,0.007007007007007007,0.0003253090528288161,0.16245271066207706,0.009804558937293133,0.0007459676666674532,0.0007910653028880476,398,368,361,396,474,613,30
DST-00114,3,6,9,0.003003003003003003,0.006006006006006006,0.0019409218047322417,0.16892543585251918,0.010398898856569201,0.0007725229222833819,0.0009713204187814187,398,174,324,388,464,388,224
DST-00066,2,7,9,0.002002002002002002,0.007007007007007007,0.0014258826494518693,0.17321059377134143,0.012475415213257507,0.000533336357527462,0.0009619540968868927,398,211,300,365,558,399,187
SUP-00167,1,8,9,0.001001001001001001,0.008008008008008008,0.00018270019792672942,0.001001001001001001,5.690105777748966e-24,0.0005000514656396708,0.0009360127719231538,398,407,589,605,569,435,-9
DST-00049,3,6,9,0.003003003003003003,0.006006006006006006,0.00037480868932775294,0.1595753194769185,0.010401309142120618,0.0008862539078556347,0.0006542967131432465,398,350,378,387,416,782,48
MFG-00015,5,4,9,0.005005005005005005,0.004004004004004004,0.00017938004458430934,0.0062370062370062365,1.444698235916056e-21,0.0007487185559765294,0.0016828417211974091,398,411,536,505,473,74,-13
SUP-00194,0,9,9,0.0,0.009009009009009009,0.0,0.0,9.810527203015459e-26,0.00037903590918156766,0.0018685190212225946,398,479,629,629,629,48,-81
SUP-00215,0,9,9,0.0,0.009009009009009009,0.0,0.0,9.810527203015459e-26,0.00037903590918156766,0.0012053494697811724,398,479,629,629,629,225,-81
SUP-00174,0,9,9,0.0,0.009009009009009009,0.0,0.0,9.810527203015459e-26,0.00037903590918156766,0.0012464571053069752,398,479,629,629,629,207,-81
DST-00103,5,4,9,0.005005005005005005,0.004004004004004004,0.00016417471605625696,0.14969757971599593,0.009993404721920271,0.0009435920339155605,0.0007373645701934948,398,415,427,393,394,680,-17
SUP-00070,0,9,9,0.0,0.009009009009009009,0.0,0.0,9.810527203015459e-26,0.00037903590918156766,0.0012044711926122006,398,479,629,629,629,226,-81
SUP-00187,0,9,9,0.0,0.009009009009009009,0.0,0.0,9.810527203015459e-26,0.00037903590918156766,0.0016933527703006006,398,479,629,629,629,72,-81
RET-00018,9,0,9,0.009009009009009009,0.0,0.0,0.2055173079763244,0.0662614407773773,0.0012724290526044152,0.0005000725896763521,398,479,66,64,279,845,-81
SUP-00045,0,9,9,0.0,0.009009009009009009,0.0,0.0,9.810527203015459e-26,0.00037903590918156766,0.0018253501702064075,398,479,629,629,629,57,-81
DST-00024,4,5,9,0.004004004004004004,0.005005005005005005,0.00030254660242470485,0.15891649224982557,0.00892854665886839,0.0008318873925496262,0.0007504520567180103,398,373,381,405,429,659,25
WHS-00062,7,2,9,0.007007007007007007,0.002002002002002002,0.001755363573873913,0.15969317421803883,0.007574176535006571,0.0008151654250437852,0.0006150544356913868,398,184,377,417,437,811,214
SUP-00039,0,9,9,0.0,0.009009009009009009,0.0,0.0,9.810527203015459e-26,0.00037903590918156766,0.0015948511310334736,398,479,629,629,629,89,-81
RET-00030,9,0,9,0.009009009009009009,0.0,0.0,0.20058855663521102,0.0866463848388284,0.001465605077371844,0.0005000725896763521,398,479,95,33,218,845,-81
DST-00062,3,6,9,0.003003003003003003,0.006006006006006006,0.00021011990324564195,0.15619399799510564,0.017504981369825184,0.0007689110138451609,0.0007046436257278142,398,399,396,335,466,717,-1
DST-00075,3,6,9,0.003003003003003003,0.006006006006006006,0.0004497821049923129,0.16678283823705728,0.025531622580148072,0.0005870823525237446,0.0006704729729346485,398,336,337,257,535,765,62
SUP-00082,0,9,9,0.0,0.009009009009009009,0.0,0.0,9.810527203015459e-26,0.00037903590918156766,0.0012607223211111086,398,479,629,629,629,199,-81
MFG-00080,6,3,9,0.006006006006006006,0.003003003003003003,0.00017437882141733583,0.006006006006006006,5.2290109992072397e-23,0.0007998006684136274,0.0007461066623953752,398,412,540,560,447,664,-14
DST-00126,5,4,9,0.005005005005005005,0.004004004004004004,0.0013780923677368677,0.1739071511189474,0.010545749992271985,0.0012250618703361542,0.0006971272519879113,398,215,291,386,294,726,183
DST-00185,3,6,9,0.003003003003003003,0.006006006006006006,0.0004516448334640263,0.16547797797797797,0.007023986551569748,0.000631462995336705,0.0007207654360314808,398,334,344,420,513,700,64
DST-00068,3,6,9,0.003003003003003003,0.006006006006006006,0.003132355242294601,0.18840362290841525,0.022798553846316853,0.0007380309565373938,0.0008527280610185063,398,111,185,277,477,539,287
DST-00182,3,6,9,0.003003003003003003,0.006006006006006006,0.0003603839763554703,0.14949842675125,0.005298605060633142,0.001296688649713883,0.0006383513475480898,398,353,428,442,267,794,45
SUP-00228,0,9,9,0.0,0.009009009009009009,0.0,0.0,9.810527203015459e-26,0.00037903590918156766,0.0013690676004725192,398,479,629,629,629,156,-81
DST-00040,0,9,9,0.0,0.009009009009009009,0.0,0.0,9.810527203015459e-26,0.00037903590918156766,0.000938098584627476,398,479,629,629,629,430,-81
RET-00148,9,0,9,0.009009009009009009,0.0,0.0,0.21272040768278913,0.055284801502777224,0.0012331334759463153,0.0005000725896763521,398,479,36,107,291,845,-81
RET-00131,9,0,9,0.009009009009009009,0.0,0.0,0.2013282584622918,0.04461654608088591,0.0016182339047728941,0.0005000725896763521,398,479,88,150,185,845,-81
DST-00067,0,9,9,0.0,0.009009009009009009,0.0,0.0,9.810527203015459e-26,0.00037903590918156766,0.0008095500642350665,398,479,629,629,629,591,-81
DST-00098,4,4,8,0.004004004004004004,0.004004004004004004,0.0028537056432760143,0.18618647349990636,0.04356494002651188,0.001699231361101458,0.000784759996752453,466,122,206,159,172,622,344
LOG-00041,0,8,8,0.0,0.008008008008008008,0.0,0.0,9.810527203015459e-26,0.00037903590918156766,0.00184725723355576,466,479,629,629,629,53,-13
WHS-00010,3,5,8,0.003003003003003003,0.005005005005005005,0.001432954098959409,0.15202101562542156,0.00964424276350491,0.0006260590084078477,0.000900515303488658,466,209,417,399,515,471,257
DST-00159,4,4,8,0.004004004004004004,0.004004004004004004,0.0004240207962589308,0.1866126549164813,0.01973979483954013,0.0011243549988545225,0.0006512407574219429,466,338,202,314,327,787,128
SUP-00123,1,7,8,0.001001001001001001,0.007007007007007007,0.00022420376461792623,0.001001001001001001,9.418106114894841e-24,0.0004597129468203031,0.0013350550055529927,466,390,589,591,589,167,76
RET-00086,8,0,8,0.008008008008008008,0.0,0.0,0.18380053315044836,0.020592111706850977,0.0014335115191020003,0.0005000725896763521,466,479,225,301,227,845,-13
SUP-00080,0,8,8,0.0,0.008008008008008008,0.0,0.0,9.810527203015459e-26,0.00037903590918156766,0.001932221073976723,466,479,629,629,629,39,-13
SUP-00229,1,7,8,0.001001001001001001,0.007007007007007007,0.00021138175441952074,0.001001001001001001,5.690105777748966e-24,0.00047584835434805016,0.0011325216187905481,466,396,589,605,582,261,70
DST-00004,2,6,8,0.002002002002002002,0.006006006006006006,0.00045475832319333417,0.150644141587012,0.019471153876397106,0.0013533641641242764,0.0008280452764990601,466,332,422,317,248,569,134
SUP-00139,0,8,8,0.0,0.008008008008008008,0.0,0.0,9.810527203015459e-26,0.00037903590918156766,0.0013071126685888404,466,479,629,629,629,180,-13
SUP-00063,0,8,8,0.0,0.008008008008008008,0.0,0.0,9.810527203015459e-26,0.00037903590918156766,0.0010359785149763319,466,479,629,629,629,338,-13
DST-00081,2,6,8,0.002002002002002002,0.006006006006006006,0.0003301767905959966,0.16116140924071531,0.006359853176482189,0.00061959958324122,0.0007522899075628519,466,366,366,429,518,652,100
RET-00065,8,0,8,0.008008008008008008,0.0,0.0,0.18770541344684738,0.0360236234104847,0.0017308577114149948,0.0005000725896763521,466,479,191,200,165,845,-13
DST-00153,1,7,8,0.001001001001001001,0.007007007007007007,0.0023029681320029813,0.16735646895605616,0.0064070895411731015,0.0005906779797063154,0.0008179163210341788,466,151,333,428,533,582,315
SUP-00133,0,8,8,0.0,0.008008008008008008,0.0,0.0,9.810527203015459e-26,0.00037903590918156766,0.0015756948976659306,466,479,629,629,629,94,-13
WHS-00057,6,2,8,0.006006006006006006,0.002002002002002002,0.0011887958553213134,0.1668828591905515,0.030369356744475384,0.0010812196805090445,0.0007552708323693709,466,235,336,229,345,651,231
DST-00171,1,7,8,0.001001001001001001,0.007007007007007007,0.00014069827126317636,0.14932635213482362,0.01103137527268528,0.0008709562489870673,0.0008188243522446262,466,421,432,377,421,580,45
DST-00021,0,8,8,0.0,0.008008008008008008,0.0,0.0,9.810527203015459e-26,0.00037903590918156766,0.001015900061894929,466,479,629,629,629,351,-13
WHS-00008,1,7,8,0.001001001001001001,0.007007007007007007,0.000348094384860728,0.0018018018018018016,5.965781592153702e-22,0.0006035215279355389,0.0009331134952733106,466,361,588,520,528,438,105
DST-00157,3,5,8,0.003003003003003003,0.005005005005005005,0.0008943152310792607,0.16450449943999146,0.023456328626811383,0.0010577963723993244,0.0007057857169566856,466,273,348,269,352,713,193
LOG-00058,0,8,8,0.0,0.008008008008008008,0.0,0.0,9.810527203015459e-26,0.00037903590918156766,0.0018140767207662444,466,479,629,629,629,59,-13
MFG-00020,3,5,8,0.003003003003003003,0.005005005005005005,0.0006158218861403,0.17261140864121172,0.020792358688762513,0.0005385880577171419,0.000995602479839955,466,298,304,296,555,371,168
SUP-00102,0,8,8,0.0,0.008008008008008008,0.0,0.0,9.810527203015459e-26,0.00037903590918156766,0.0012432800811864814,466,479,629,629,629,210,-13
DST-00078,4,4,8,0.004004004004004004,0.004004004004004004,0.0005473516874693508,0.13317053452549246,0.006167460784670711,0.0009845212944552398,0.0008768464954181916,466,305,472,432,380,511,161
LOG-00001,0,8,8,0.0,0.008008008008008008,0.0,0.0,9.810527203015459e-26,0.00037903590918156766,0.0019617735083695665,466,479,629,629,629,38,-13
DST-00030,3,5,8,0.003003003003003003,0.005005005005005005,0.006037715265162463,0.18428229365729368,0.037234089923573625,0.0020124792141654768,0.0008642129326814081,466,56,219,193,120,525,410
RET-00053,8,0,8,0.008008008008008008,0.0,0.0,0.17029804098769616,0.03187514896352885,0.0021389377667589637,0.0005000725896763521,466,479,314,222,102,845,-13
DST-00172,1,7,8,0.001001001001001001,0.007007007007007007,4.083436225498127e-05,0.0055055055055055055,1.0885859089737983e-20,0.0005218651053207293,0.0008407194649352355,466,457,545,497,562,557,9
DST-00009,3,5,8,0.003003003003003003,0.005005005005005005,0.0003147839842223907,0.16388925560224196,0.010276593068135883,0.0012012808885959638,0.0006548532566946828,466,370,354,392,300,779,96
SUP-00165,0,8,8,0.0,0.008008008008008008,0.0,0.0,9.810527203015459e-26,0.00037903590918156766,0.0013255011704418488,466,479,629,629,629,170,-13
DST-00129,3,5,8,0.003003003003003003,0.005005005005005005,0.0013088751774176764,0.16132148064503202,0.02242953607379397,0.0007273537493172767,0.0009176764122073339,466,223,365,281,482,455,243
MFG-00039,4,4,8,0.004004004004004004,0.004004004004004004,0.0004867762642818752,0.15280887483478767,0.009107921765380469,0.0015397942382087088,0.0008309198934585559,466,318,413,402,201,566,148
DST-00055,2,6,8,0.002002002002002002,0.006006006006006006,0.00021127680913461065,0.15444611277944614,0.005548784251834362,0.0005999280294720034,0.000767996460554151,466,397,406,435,530,639,69
RET-00143,8,0,8,0.008008008008008008,0.0,0.0,0.18986460913468214,0.04982596194129093,0.0013185606756464954,0.0005000725896763521,466,479,171,123,258,845,-13
SUP-00265,0,8,8,0.0,0.008008008008008008,0.0,0.0,9.810527203015459e-26,0.00037903590918156766,0.0013103472097145033,466,479,629,629,629,176,-13
RET-00110,8,0,8,0.008008008008008008,0.0,0.0,0.2057674803266743,0.07720666819551454,0.001394664741012256,0.0005000725896763521,466,479,63,48,236,845,-13
DST-00002,1,7,8,0.001001001001001001,0.007007007007007007,0.001406379817016796,0.15891074808272262,0.014953024049195981,0.00044327130673782857,0.0008504649347423089,466,214,382,352,605,544,252
SUP-00287,0,8,8,0.0,0.008008008008008008,0.0,0.0,9.810527203015459e-26,0.00037903590918156766,0.001154162792187122,466,479,629,629,629,250,-13
DST-00041,3,5,8,0.003003003003003003,0.005005005005005005,0.0004730965762505965,0.16028747505207946,0.02242953607379397,0.0006807030950547676,0.000688246571746902,466,328,371,281,498,739,138
SUP-00197,0,8,8,0.0,0.008008008008008008,0.0,0.0,9.810527203015459e-26,0.00037903590918156766,0.0018638960461085474,466,479,629,629,629,50,-13
SUP-00059,0,8,8,0.0,0.008008008008008008,0.0,0.0,9.810527203015459e-26,0.00037903590918156766,0.0015727588435554233,466,479,629,629,629,96,-13
MFG-00060,3,5,8,0.003003003003003003,0.005005005005005005,0.00014231643776385582,0.0032032032032032033,2.219141253322096e-22,0.0005411574086887827,0.0019218211593919805,466,420,562,535,554,41,46
WHS-00001,4,4,8,0.004004004004004004,0.004004004004004004,0.0009276505660467254,0.12684272070271288,0.0021056750179599616,0.0008275432434499924,0.0006923677168711405,466,266,486,476,431,735,200
SUP-00014,0,8,8,0.0,0.008008008008008008,0.0,0.0,9.810527203015459e-26,0.00037903590918156766,0.001790361545988461,466,479,629,629,629,61,-13
SUP-00071,0,8,8,0.0,0.008008008008008008,0.0,0.0,9.810527203015459e-26,0.00037903590918156766,0.0010700209289139612,466,479,629,629,629,307,-13
RET-00056,8,0,8,0.008008008008008008,0.0,0.0,0.21430009891548354,0.051856747996398354,0.0010589098365872314,0.0005000725896763521,466,479,31,114,350,845,-13
RET-00079,8,0,8,0.008008008008008008,0.0,0.0,0.20611292750753923,0.10889767386047756,0.001514067380870861,0.0005000725896763521,466,479,60,12,209,845,-13
DST-00026,5,3,8,0.005005005005005005,0.003003003003003003,0.0004768296125156958,0.18677265433481496,0.027216306864138118,0.00139963354091583,0.0006168356014958859,466,327,199,245,234,809,139
RET-00084,8,0,8,0.008008008008008008,0.0,0.0,0.19965805535348058,0.10313131328777897,0.0011296404781359823,0.0005000725896763521,466,479,103,14,324,845,-13
DST-00141,3,5,8,0.003003003003003003,0.005005005005005005,0.000634371668003139,0.168881456306606,0.022687882131216808,0.0013670381182866842,0.0008158814489983425,466,295,325,279,245,583,171
DST-00099,4,4,8,0.004004004004004004,0.004004004004004004,0.0037475190115083008,0.1916318090616466,0.02022167235399619,0.0010235149320151388,0.0007088213233618812,466,93,159,305,363,711,373
RET-00059,8,0,8,0.008008008008008008,0.0,0.0,0.1672547032629337,0.02470537706937612,0.0011061354462363708,0.0005000725896763521,466,479,335,260,334,845,-13
SUP-00067,0,8,8,0.0,0.008008008008008008,0.0,0.0,9.810527203015459e-26,0.00037903590918156766,0.0009328314625483517,466,479,629,629,629,440,-13
RET-00088,8,0,8,0.008008008008008008,0.0,0.0,0.16969892648389517,0.019342608011188873,0.0011444261218729512,0.0005000725896763521,466,479,319,320,317,845,-13
SUP-00232,0,8,8,0.0,0.008008008008008008,0.0,0.0,9.810527203015459e-26,0.00037903590918156766,0.0009581283733256967,466,479,629,629,629,405,-13
RET-00144,8,0,8,0.008008008008008008,0.0,0.0,0.19965805535348058,0.04229782197987506,0.00147503500190145,0.0005000725896763521,466,479,103,164,214,845,-13
WHS-00069,3,5,8,0.003003003003003003,0.005005005005005005,0.0009788776271287514,0.1559686640234849,0.0026573679524496924,0.0007487651305428077,0.0009598376253339383,466,259,397,470,472,403,207
DST-00038,3,5,8,0.003003003003003003,0.005005005005005005,0.001542033773078171,0.1699878599773778,0.026092103434125966,0.0009782799003692569,0.0008513170867289336,466,199,315,252,381,543,267
RET-00133,8,0,8,0.008008008008008008,0.0,0.0,0.17308658139107969,0.02735233396669708,0.0011571099834111528,0.0005000725896763521,466,479,301,244,311,845,-13
DST-00012,2,6,8,0.002002002002002002,0.006006006006006006,0.0001184251388322478,0.0055611166722277835,1.0495302001785938e-21,0.000476457170916681,0.0007687819347326895,466,430,544,508,581,637,36
DST-00174,2,6,8,0.002002002002002002,0.006006006006006006,0.00040895664874493254,0.14662605643618304,0.001697910349694032,0.0005456018164880334,0.0006801179972799351,466,341,443,477,551,750,125
MFG-00064,2,6,8,0.002002002002002002,0.006006006006006006,0.0004340607090223972,0.0022522522522522522,1.4549011842071932e-22,0.0005450565223411596,0.0012551387759846529,466,337,576,553,552,202,129
DST-00148,4,4,8,0.004004004004004004,0.004004004004004004,0.00013277759882079633,0.15367772298465368,0.021325089422327727,0.0015625990756235994,0.0006028368746651372,466,424,410,289,199,816,42
RET-00027,8,0,8,0.008008008008008008,0.0,0.0,0.17894504300668307,0.0742934569632231,0.001513994003710785,0.0005000725896763521,466,479,252,51,210,845,-13
DST-00048,4,4,8,0.004004004004004004,0.004004004004004004,0.0015394524220474124,0.1747504508819164,0.020792358688762513,0.0008044779502797402,0.0007518170228141628,466,200,282,296,443,657,266
SUP-00127,0,8,8,0.0,0.008008008008008008,0.0,0.0,9.810527203015459e-26,0.00037903590918156766,0.0017037631183306342,466,479,629,629,629,70,-13
SUP-00200,1,7,8,0.001001001001001001,0.007007007007007007,3.615800487321307e-05,0.001001001001001001,3.82610560917603e-24,0.0004328206009407246,0.0014652669266975588,466,460,589,618,609,122,6
DST-00102,4,4,8,0.004004004004004004,0.004004004004004004,0.0003916619618242632,0.17325685728463508,0.014806731514609667,0.000863425401819118,0.000634259784689079,466,345,298,354,425,799,121
SUP-00103,0,8,8,0.0,0.008008008008008008,0.0,0.0,9.810527203015459e-26,0.00037903590918156766,0.001566900284856651,466,479,629,629,629,98,-13
MFG-00044,6,1,7,0.006006006006006006,0.001001001001001001,9.241100227682956e-05,0.006006006006006006,4.2970109149207696e-23,0.000683910840510374,0.0005608632441106317,535,438,540,564,495,837,97
SUP-00122,2,5,7,0.002002002002002002,0.005005005005005005,0.0001906400100742001,0.002002002002002002,1.5010106620613657e-23,0.0005334748098042897,0.0010849384956517708,535,405,577,579,557,292,130
SUP-00277,1,6,7,0.001001001001001001,0.006006006006006006,9.432411319518868e-05,0.001001001001001001,7.554105946321905e-24,0.00046509141599621875,0.0008671386357753897,535,437,589,601,587,522,98
SUP-00100,0,7,7,0.0,0.007007007007007007,0.0,0.0,9.810527203015459e-26,0.00037903590918156766,0.0012133873335251255,535,479,629,629,629,222,56
WHS-00009,4,3,7,0.004004004004004004,0.003003003003003003,0.0071259326089350575,0.1676159363497865,0.018349763580839125,0.0015826674007133224,0.001020347823612519,535,46,332,328,192,348,489
SUP-00285,1,6,7,0.001001001001001001,0.006006006006006006,8.752987488235762e-05,0.001001001001001001,3.82610560917603e-24,0.00043771011837337524,0.002029439672583897,535,439,589,618,607,34,96
DST-00109,1,6,7,0.001001001001001001,0.006006006006006006,0.0013627175190416728,0.16472160326908933,0.015575417089347546,0.0021468760701975555,0.0007426058674961306,535,216,347,347,100,672,319
SUP-00276,0,7,7,0.0,0.007007007007007007,0.0,0.0,9.810527203015459e-26,0.00037903590918156766,0.0016066810621349222,535,479,629,629,629,87,56
MFG-00019,4,3,7,0.004004004004004004,0.003003003003003003,0.0013305721489774286,0.15389648248485735,0.011202888273291443,0.0007689738507000723,0.0006517335530915411,535,220,409,375,465,783,315
SUP-00154,1,6,7,0.001001001001001001,0.006006006006006006,0.0004846601539988314,0.001001001001001001,9.418106114894841e-24,0.0005031544286257759,0.0011275372371122513,535,320,589,591,567,271,215
SUP-00076,0,7,7,0.0,0.007007007007007007,0.0,0.0,9.810527203015459e-26,0.00037903590918156766,0.0013639604123857401,535,479,629,629,629,157,56
MFG-00117,0,7,7,0.0,0.007007007007007007,0.0,0.0,9.810527203015459e-26,0.00037903590918156766,0.0008963865279808907,535,479,629,629,629,477,56
SUP-00204,0,7,7,0.0,0.007007007007007007,0.0,0.0,9.810527203015459e-26,0.00037903590918156766,0.0009518063982916934,535,479,629,629,629,413,56
SUP-00074,0,7,7,0.0,0.007007007007007007,0.0,0.0,9.810527203015459e-26,0.00037903590918156766,0.0015504822573568693,535,479,629,629,629,100,56
SUP-00207,2,5,7,0.002002002002002002,0.005005005005005005,0.0001953072537223295,0.002002002002002002,1.1282106283467782e-23,0.0004458825975108056,0.0007633455006674096,535,402,577,586,601,642,133
SUP-00294,0,7,7,0.0,0.007007007007007007,0.0,0.0,9.810527203015459e-26,0.00037903590918156766,0.0013766910036192006,535,479,629,629,629,150,56
SUP-00246,0,7,7,0.0,0.007007007007007007,0.0,0.0,9.810527203015459e-26,0.00037903590918156766,0.0009378474375590724,535,479,629,629,629,431,56
DST-00083,3,4,7,0.003003003003003003,0.004004004004004004,0.001966822392446091,0.1798374476500343,0.019322892651105324,0.0007835961802973273,0.0008307483235803104,535,172,247,322,458,567,363
RET-00078,7,0,7,0.007007007007007007,0.0,0.0,0.203084392804019,0.04876160724986964,0.0015274181288633792,0.0005000725896763521,535,479,74,128,203,845,56
RET-00038,7,0,7,0.007007007007007007,0.0,0.0,0.19334837796376256,0.044551747039429865,0.0019460442493794599,0.0005000725896763521,535,479,144,151,133,845,56
DST-00151,0,7,7,0.0,0.007007007007007007,0.0,0.0,9.810527203015459e-26,0.00037903590918156766,0.0007250779807481643,535,479,629,629,629,693,56
DST-00091,4,3,7,0.004004004004004004,0.003003003003003003,0.00014692128349267185,0.1711279700753385,0.015119010614292364,0.0009141745352406825,0.0006585361736083622,535,419,311,351,404,774,116
DST-00139,0,7,7,0.0,0.007007007007007007,0.0,0.0,9.810527203015459e-26,0.00037903590918156766,0.0007343327708338894,535,479,629,629,629,684,56
DST-00136,0,7,7,0.0,0.007007007007007007,0.0,0.0,9.810527203015459e-26,0.00037903590918156766,0.0009364456640421595,535,479,629,629,629,434,56
SUP-00064,0,7,7,0.0,0.007007007007007007,0.0,0.0,9.810527203015459e-26,0.00037903590918156766,0.0012038463340425993,535,479,629,629,629,227,56
SUP-00044,0,7,7,0.0,0.007007007007007007,0.0,0.0,9.810527203015459e-26,0.00037903590918156766,0.0015624370193974082,535,479,629,629,629,99,56
WHS-00067,2,5,7,0.002002002002002002,0.005005005005005005,0.002035624210893986,0.15302516482039955,0.005428665627175321,0.0005720395640260406,0.001065125364966329,535,166,411,438,544,310,369
MFG-00052,1,6,7,0.001001001001001001,0.006006006006006006,2.2954531972568045e-05,0.001001001001001001,1.1282106283467782e-23,0.000443577539292556,0.001025385919158693,535,467,589,586,603,345,68
SUP-00293,0,7,7,0.0,0.007007007007007007,0.0,0.0,9.810527203015459e-26,0.00037903590918156766,0.0009236713172446616,535,479,629,629,629,448,56
DST-00095,3,4,7,0.003003003003003003,0.004004004004004004,0.0004792593540942878,0.17801143624414756,0.023665252246418,0.0012780162705979346,0.0006783151041813618,535,325,259,265,275,754,210
SUP-00010,0,7,7,0.0,0.007007007007007007,0.0,0.0,9.810527203015459e-26,0.00037903590918156766,0.0010459029783496333,535,479,629,629,629,329,56
SUP-00267,0,7,7,0.0,0.007007007007007007,0.0,0.0,9.810527203015459e-26,0.00037903590918156766,0.0012830335362431422,535,479,629,629,629,190,56
SUP-00251,1,6,7,0.001001001001001001,0.006006006006006006,0.0002459684625185218,0.001001001001001001,9.418106114894841e-24,0.000463959106696026,0.001061945479613664,535,383,589,591,588,315,152
SUP-00046,0,7,7,0.0,0.007007007007007007,0.0,0.0,9.810527203015459e-26,0.00037903590918156766,0.001414414795019567,535,479,629,629,629,143,56
RET-00145,7,0,7,0.007007007007007007,0.0,0.0,0.21447436882793083,0.07841638566947179,0.0015273192310136035,0.0005000725896763521,535,479,30,47,204,845,56
SUP-00098,2,5,7,0.002002002002002002,0.005005005005005005,0.0003141380418888652,0.002002002002002002,1.501010662061365e-23,0.0005477242606080144,0.0008135550226166391,535,371,577,582,550,589,164
SUP-00002,0,7,7,0.0,0.007007007007007007,0.0,0.0,9.810527203015459e-26,0.00037903590918156766,0.001257737110526347,535,479,629,629,629,201,56
SUP-00077,0,7,7,0.0,0.007007007007007007,0.0,0.0,9.810527203015459e-26,0.00037903590918156766,0.0016134287063188928,535,479,629,629,629,86,56
SUP-00202,0,7,7,0.0,0.007007007007007007,0.0,0.0,9.810527203015459e-26,0.00037903590918156766,0.0011343681010010725,535,479,629,629,629,260,56
DST-00054,3,4,7,0.003003003003003003,0.004004004004004004,0.0018123458016115852,0.17395378752310905,0.021184910260026214,0.0012282936556747915,0.000669433031609505,535,180,290,291,292,767,355
RET-00114,7,0,7,0.007007007007007007,0.0,0.0,0.20538780746720253,0.086069628482359,0.0016306775861019255,0.0005000725896763521,535,479,67,34,184,845,56
RET-00005,7,0,7,0.007007007007007007,0.0,0.0,0.20283415043240371,0.08200105195477211,0.0019683078090017886,0.0005000725896763521,535,479,80,39,130,845,56
DST-00050,2,5,7,0.002002002002002002,0.005005005005005005,0.00039730218167157404,0.1417865953385079,0.0047596620320887765,0.0007393905327669715,0.0008642912019146507,535,344,457,447,476,524,191
DST-00086,2,5,7,0.002002002002002002,0.005005005005005005,0.00013810832087753018,0.15247040710112222,0.011537127054887282,0.001053093059432839,0.0007006560969634024,535,422,414,371,354,721,113
SUP-00261,1,6,7,0.001001001001001001,0.006006006006006006,0.00022051736914210403,0.001001001001001001,5.690105777748966e-24,0.0004535070208480927,0.0007802542324523182,535,391,589,605,593,625,144
DST-00131,0,7,7,0.0,0.007007007007007007,0.0,0.0,9.810527203015459e-26,0.00037903590918156766,0.0008814847589589234,535,479,629,629,629,505,56
SUP-00073,1,6,7,0.001001001001001001,0.006006006006006006,0.00019791471118100985,0.001001001001001001,1.1282106283467782e-23,0.000467047222969279,0.001087676691635366,535,401,589,586,586,288,134
RET-00023,7,0,7,0.007007007007007007,0.0,0.0,0.19134162045814526,0.04394094110550479,0.0012977980021987164,0.0005000725896763521,535,479,162,157,265,845,56
SUP-00292,0,7,7,0.0,0.007007007007007007,0.0,0.0,9.810527203015459e-26,0.00037903590918156766,0.0011483193048375852,535,479,629,629,629,253,56
RET-00091,7,0,7,0.007007007007007007,0.0,0.0,0.1918248632112939,0.060199964060207806,0.001525916864659335,0.0005000725896763521,535,479,157,87,206,845,56
SUP-00173,1,6,7,0.001001001001001001,0.006006006006006006,0.0004016535307377863,0.001001001001001001,7.554105946321905e-24,0.0004597129468203031,0.0014509818592538745,535,342,589,601,589,127,193
SUP-00182,0,7,7,0.0,0.007007007007007007,0.0,0.0,9.810527203015459e-26,0.00037903590918156766,0.0014226914827414254,535,479,629,629,629,139,56
SUP-00148,2,5,7,0.002002002002002002,0.005005005005005005,0.000329490507559063,0.002002002002002002,1.501010662061365e-23,0.0005341840584868281,0.0009858607463458314,535,367,577,582,556,373,168
SUP-00032,2,5,7,0.002002002002002002,0.005005005005005005,0.0005934920278312947,0.002002002002002002,1.3146106452040718e-23,0.0005605592438687223,0.0011836937236002335,535,301,577,584,547,242,234
RET-00017,7,0,7,0.007007007007007007,0.0,0.0,0.17670822996909955,0.05048110791267491,0.0009287034792787945,0.0005000725896763521,535,479,270,119,398,845,56
SUP-00121,0,7,7,0.0,0.007007007007007007,0.0,0.0,9.810527203015459e-26,0.00037903590918156766,0.000956920833298893,535,479,629,629,629,409,56
SUP-00108,0,7,7,0.0,0.007007007007007007,0.0,0.0,9.810527203015459e-26,0.00037903590918156766,0.0010465850364238236,535,479,629,629,629,327,56
RET-00085,7,0,7,0.007007007007007007,0.0,0.0,0.19798613966036147,0.0332343689260152,0.0012557117890447916,0.0005000725896763521,535,479,114,213,284,845,56
LOG-00029,0,7,7,0.0,0.007007007007007007,0.0,0.0,9.810527203015459e-26,0.00037903590918156766,0.0008822738789097944,535,479,629,629,629,504,56
SUP-00212,0,7,7,0.0,0.007007007007007007,0.0,0.0,9.810527203015459e-26,0.00037903590918156766,0.0013868078475186665,535,479,629,629,629,148,56
DST-00064,1,5,6,0.001001001001001001,0.005005005005005005,0.0008384426761033351,0.1328432671869084,0.0042706892322454115,0.0006113113411513858,0.0008789947274216211,595,275,474,454,524,508,320
SUP-00040,0,6,6,0.0,0.006006006006006006,0.0,0.0,9.810527203015459e-26,0.00037903590918156766,0.0009331425902204926,595,479,629,629,629,437,116
SUP-00178,0,6,6,0.0,0.006006006006006006,0.0,0.0,9.810527203015459e-26,0.00037903590918156766,0.0012621406981848603,595,479,629,629,629,198,116
DST-00175,1,5,6,0.001001001001001001,0.005005005005005005,0.00017978440517964008,0.1434801313146812,0.0032062001307992228,0.0007887558923286525,0.0007687381494819257,595,410,454,464,454,638,185
SUP-00093,0,6,6,0.0,0.006006006006006006,0.0,0.0,9.810527203015459e-26,0.00037903590918156766,0.0008066319985415957,595,479,629,629,629,597,116
RET-00025,6,0,6,0.006006006006006006,0.0,0.0,0.1776828486997057,0.021060459594380625,0.00099524100104815,0.0005000725896763521,595,479,261,293,372,845,116
SUP-00016,1,5,6,0.001001001001001001,0.005005005005005005,4.320286170217917e-05,0.001001001001001001,9.418106114894841e-24,0.0004798822062299869,0.0009620541961706075,595,456,589,591,579,398,139
DST-00142,1,5,6,0.001001001001001001,0.005005005005005005,0.00018014277087980056,0.13112465608928112,0.002547701337815704,0.00041037749613122336,0.0006954353901411268,595,409,477,471,625,730,186
LOG-00076,0,6,6,0.0,0.006006006006006006,0.0,0.0,9.810527203015459e-26,0.00037903590918156766,0.001157639892553546,595,479,629,629,629,249,116
WHS-00017,2,4,6,0.002002002002002002,0.004004004004004004,0.0002161736027127629,0.0027805583361138917,7.89413881917842e-21,0.00049098657231053,0.0009325108972139955,595,392,573,499,573,441,203
LOG-00007,0,6,6,0.0,0.006006006006006006,0.0,0.0,9.810527203015459e-26,0.00037903590918156766,0.001254744201261793,595,479,629,629,629,203,116
WHS-00011,3,3,6,0.003003003003003003,0.003003003003003003,0.0007039645256437965,0.16249340522887618,0.004536803678859435,0.0008233736799729235,0.0011084272971271765,595,292,360,452,432,280,303
SUP-00024,0,6,6,0.0,0.006006006006006006,0.0,0.0,9.810527203015459e-26,0.00037903590918156766,0.0009039693110282586,595,479,629,629,629,466,116
DST-00137,3,3,6,0.003003003003003003,0.003003003003003003,0.0006680915387216885,0.15836759611173676,0.00900116541752374,0.0008861310507248673,0.0005843935009294226,595,294,387,403,417,829,301
SUP-00054,0,6,6,0.0,0.006006006006006006,0.0,0.0,9.810527203015459e-26,0.00037903590918156766,0.000963907405732553,595,479,629,629,629,394,116
LOG-00095,0,6,6,0.0,0.006006006006006006,0.0,0.0,9.810527203015459e-26,0.00037903590918156766,0.0008830501512034638,595,479,629,629,629,502,116
RET-00071,6,0,6,0.006006006006006006,0.0,0.0,0.1989251411092953,0.07427180333903834,0.0014701294827823717,0.0005000725896763521,595,479,109,52,215,845,116
SUP-00145,0,6,6,0.0,0.006006006006006006,0.0,0.0,9.810527203015459e-26,0.00037903590918156766,0.0008958691684507526,595,479,629,629,629,480,116
SUP-00143,2,4,6,0.002002002002002002,0.004004004004004004,0.00010379814383957936,0.002002002002002002,1.6874106789186596e-23,0.0005791770217853535,0.0007251297563978874,595,435,577,576,542,692,160
SUP-00274,0,6,6,0.0,0.006006006006006006,0.0,0.0,9.810527203015459e-26,0.00037903590918156766,0.0016210760101201401,595,479,629,629,629,85,116
DST-00150,0,6,6,0.0,0.006006006006006006,0.0,0.0,9.810527203015459e-26,0.00037903590918156766,0.0007431729548226216,595,479,629,629,629,669,116
SUP-00052,0,6,6,0.0,0.006006006006006006,0.0,0.0,9.810527203015459e-26,0.00037903590918156766,0.0012271231159994684,595,479,629,629,629,215,116
DST-00107,2,4,6,0.002002002002002002,0.004004004004004004,0.00021101974739710973,0.15525937617847624,0.009216567765410051,0.0006958635753724902,0.0006025804996820768,595,398,400,401,489,817,197
SUP-00025,0,6,6,0.0,0.006006006006006006,0.0,0.0,9.810527203015459e-26,0.00037903590918156766,0.0016256585145175016,595,479,629,629,629,84,116
LOG-00003,0,6,6,0.0,0.006006006006006006,0.0,0.0,9.810527203015459e-26,0.00037903590918156766,0.0014040801922309833,595,479,629,629,629,145,116
LOG-00015,0,6,6,0.0,0.006006006006006006,0.0,0.0,9.810527203015459e-26,0.00037903590918156766,0.0012514712594707876,595,479,629,629,629,204,116
DST-00025,2,4,6,0.002002002002002002,0.004004004004004004,5.860549726058521e-05,0.14918897738584952,0.008124047797343518,0.000581109369098127,0.0006093532831392132,595,448,433,413,539,815,147
DST-00155,3,3,6,0.003003003003003003,0.003003003003003003,6.625143565691327e-05,0.16096195205106098,0.025979378802603138,0.0007447684107572061,0.0005666977938429416,595,445,367,253,475,835,150
SUP-00224,0,6,6,0.0,0.006006006006006006,0.0,0.0,9.810527203015459e-26,0.00037903590918156766,0.0017815088335742997,595,479,629,629,629,62,116
RET-00081,6,0,6,0.006006006006006006,0.0,0.0,0.20220344722832287,0.035366394972801335,0.0012179350312895604,0.0005000725896763521,595,479,82,201,295,845,116
SUP-00012,1,5,6,0.001001001001001001,0.005005005005005005,2.5050351609266543e-05,0.001001001001001001,3.82610560917603e-24,0.00041937442800093534,0.0008395917565262995,595,466,589,618,618,558,129
SUP-00225,0,6,6,0.0,0.006006006006006006,0.0,0.0,9.810527203015459e-26,0.00037903590918156766,0.001191253627974123,595,479,629,629,629,237,116
WHS-00095,3,3,6,0.003003003003003003,0.003003003003003003,0.0010677689325046698,0.16985432670166895,0.01552050730076329,0.0011098606819816743,0.0008866625261068528,595,250,317,349,333,494,345
RET-00115,6,0,6,0.006006006006006006,0.0,0.0,0.19309860808675974,0.045755088448455744,0.0017791288039989595,0.0005000725896763521,595,479,146,146,159,845,116
DST-00167,2,4,6,0.002002002002002002,0.004004004004004004,0.00017124863787142588,0.1635117642158125,0.009933021284426906,0.0005615619890394884,0.0006840264125231295,595,414,355,394,546,747,181
SUP-00181,0,6,6,0.0,0.006006006006006006,0.0,0.0,9.810527203015459e-26,0.00037903590918156766,0.0014160228963729243,595,479,629,629,629,141,116
SUP-00136,0,6,6,0.0,0.006006006006006006,0.0,0.0,9.810527203015459e-26,0.00037903590918156766,0.001575531831386065,595,479,629,629,629,95,116
SUP-00026,1,5,6,0.001001001001001001,0.005005005005005005,0.0004844523882600036,0.001001001001001001,5.690105777748966e-24,0.0005173394022765426,0.0010821543761339765,595,321,589,605,564,297,274
SUP-00134,0,6,6,0.0,0.006006006006006006,0.0,0.0,9.810527203015459e-26,0.00037903590918156766,0.0009365743620496463,595,479,629,629,629,433,116
DST-00036,1,5,6,0.001001001001001001,0.005005005005005005,0.00026247186638833343,0.11287170239667194,0.00035732817016311,0.0005225576166541961,0.0007622690795369765,595,380,490,490,561,645,215
MFG-00027,2,4,6,0.002002002002002002,0.004004004004004004,0.00034920261307849006,0.002002002002002002,1.5010106620613657e-23,0.00048171577526723086,0.0009818382502585882,595,359,577,579,578,377,236
SUP-00155,0,6,6,0.0,0.006006006006006006,0.0,0.0,9.810527203015459e-26,0.00037903590918156766,0.0011128964553532806,595,479,629,629,629,277,116
SUP-00051,0,6,6,0.0,0.006006006006006006,0.0,0.0,9.810527203015459e-26,0.00037903590918156766,0.0012380377640683763,595,479,629,629,629,211,116
DST-00160,4,2,6,0.004004004004004004,0.002002002002002002,0.00024241769742575295,0.19916884725460532,0.04320733555862935,0.0019797285263567074,0.000588372727573203,595,384,105,161,124,825,211
SUP-00198,0,6,6,0.0,0.006006006006006006,0.0,0.0,9.810527203015459e-26,0.00037903590918156766,0.0011718232859044238,595,479,629,629,629,244,116
SUP-00201,0,6,6,0.0,0.006006006006006006,0.0,0.0,9.810527203015459e-26,0.00037903590918156766,0.0018871749851271842,595,479,629,629,629,47,116
SUP-00033,0,6,6,0.0,0.006006006006006006,0.0,0.0,9.810527203015459e-26,0.00037903590918156766,0.0013567759195833417,595,479,629,629,629,160,116
WHS-00078,3,3,6,0.003003003003003003,0.003003003003003003,0.00244570777853562,0.1587940449629556,0.016249740578855473,0.0010243420344281885,0.0014238567918902936,595,142,383,342,362,138,453
SUP-00007,0,6,6,0.0,0.006006006006006006,0.0,0.0,9.810527203015459e-26,0.00037903590918156766,0.0012341919936409648,595,479,629,629,629,213,116
LOG-00043,0,6,6,0.0,0.006006006006006006,0.0,0.0,9.810527203015459e-26,0.00037903590918156766,0.0020711999745654025,595,479,629,629,629,31,116
SUP-00146,0,6,6,0.0,0.006006006006006006,0.0,0.0,9.810527203015459e-26,0.00037903590918156766,0.0008826737061400807,595,479,629,629,629,503,116
DST-00104,2,4,6,0.002002002002002002,0.004004004004004004,0.0024293018376638493,0.1631883455782827,0.04592108284936832,0.0005859479995564189,0.0006951693462497049,595,144,357,145,536,731,451
DST-00193,3,3,6,0.003003003003003003,0.003003003003003003,0.0015821880095742906,0.1753646049401659,0.01942216004178842,0.0006481988491042602,0.000686210607235544,595,195,277,318,509,743,400
SUP-00177,2,4,6,0.002002002002002002,0.004004004004004004,0.00023445173614793902,0.002002002002002002,1.3146106452040718e-23,0.0006870755074385574,0.001467094776903989,595,386,577,584,492,121,209
LOG-00046,0,6,6,0.0,0.006006006006006006,0.0,0.0,9.810527203015459e-26,0.00037903590918156766,0.0019118598184136202,595,479,629,629,629,44,116
SUP-00171,0,6,6,0.0,0.006006006006006006,0.0,0.0,9.810527203015459e-26,0.00037903590918156766,0.0013427819318159108,595,479,629,629,629,164,116
LOG-00038,0,6,6,0.0,0.006006006006006006,0.0,0.0,9.810527203015459e-26,0.00037903590918156766,0.0014481449345640114,595,479,629,629,629,129,116
SUP-00242,1,5,6,0.001001001001001001,0.005005005005005005,0.00015060094246244324,0.001001001001001001,3.82610560917603e-24,0.00042206366258889323,0.0010266107399625544,595,417,589,618,617,344,178
DST-00052,0,6,6,0.0,0.006006006006006006,0.0,0.0,9.810527203015459e-26,0.00037903590918156766,0.0008841399703424216,595,479,629,629,629,501,116
SUP-00300,0,6,6,0.0,0.006006006006006006,0.0,0.0,9.810527203015459e-26,0.00037903590918156766,0.0013909855377316556,595,479,629,629,629,147,116
SUP-00097,0,6,6,0.0,0.006006006006006006,0.0,0.0,9.810527203015459e-26,0.00037903590918156766,0.0011951854894560663,595,479,629,629,629,233,116
SUP-00028,0,6,6,0.0,0.006006006006006006,0.0,0.0,9.810527203015459e-26,0.00037903590918156766,0.0010379650467137649,595,479,629,629,629,335,116
SUP-00291,0,6,6,0.0,0.006006006006006006,0.0,0.0,9.810527203015459e-26,0.00037903590918156766,0.001396979397256996,595,479,629,629,629,146,116
DST-00110,1,5,6,0.001001001001001001,0.005005005005005005,0.0004793196758396508,0.12865404079208126,0.0005823508453197518,0.00045150004633218367,0.0007899740881444973,595,324,484,488,596,615,271
SUP-00282,0,6,6,0.0,0.006006006006006006,0.0,0.0,9.810527203015459e-26,0.00037903590918156766,0.0011826530800520371,595,479,629,629,629,243,116
DST-00032,1,5,6,0.001001001001001001,0.005005005005005005,8.104710925384955e-05,0.13940977297951293,0.002305440082107419,0.0005195938935136863,0.0006513424619520613,595,440,464,475,563,786,155
RET-00135,6,0,6,0.006006006006006006,0.0,0.0,0.19348000187036188,0.04257723237507033,0.0015437572209919285,0.0005000725896763521,595,479,143,163,200,845,116
SUP-00147,0,6,6,0.0,0.006006006006006006,0.0,0.0,9.810527203015459e-26,0.00037903590918156766,0.0011475333541629382,595,479,629,629,629,255,116
RET-00040,6,0,6,0.006006006006006006,0.0,0.0,0.18385249824322486,0.040662852346212676,0.0013611086089734764,0.0005000725896763521,595,479,223,178,246,845,116
LOG-00027,0,6,6,0.0,0.006006006006006006,0.0,0.0,9.810527203015459e-26,0.00037903590918156766,0.002668681310485366,595,479,629,629,629,17,116
SUP-00157,0,6,6,0.0,0.006006006006006006,0.0,0.0,9.810527203015459e-26,0.00037903590918156766,0.000851428941792975,595,479,629,629,629,542,116
SUP-00035,0,6,6,0.0,0.006006006006006006,0.0,0.0,9.810527203015459e-26,0.00037903590918156766,0.0022090580763137538,595,479,629,629,629,28,116
SUP-00295,0,6,6,0.0,0.006006006006006006,0.0,0.0,9.810527203015459e-26,0.00037903590918156766,0.0008601968211627835,595,479,629,629,629,531,116
SUP-00213,0,6,6,0.0,0.006006006006006006,0.0,0.0,9.810527203015459e-26,0.00037903590918156766,0.0008609623312860124,595,479,629,629,629,530,116
SUP-00110,0,6,6,0.0,0.006006006006006006,0.0,0.0,9.810527203015459e-26,0.00037903590918156766,0.000948480573212886,595,479,629,629,629,415,116
SUP-00217,1,5,6,0.001001001001001001,0.005005005005005005,0.00012486778420606865,0.001001001001001001,9.418106114894841e-24,0.0005257214321610866,0.0014147236096740115,595,427,589,591,560,142,168
SUP-00004,0,6,6,0.0,0.006006006006006006,0.0,0.0,9.810527203015459e-26,0.00037903590918156766,0.0009448816521183216,595,479,629,629,629,419,116
SUP-00205,0,6,6,0.0,0.006006006006006006,0.0,0.0,9.810527203015459e-26,0.00037903590918156766,0.0009573227501885639,595,479,629,629,629,407,116
MFG-00102,3,3,6,0.003003003003003003,0.003003003003003003,9.667730560494496e-05,0.003003003003003003,1.6874106789186587e-23,0.0005903329125211127,0.0005983739693073091,595,436,566,578,534,822,159
SUP-00085,0,6,6,0.0,0.006006006006006006,0.0,0.0,9.810527203015459e-26,0.00037903590918156766,0.0009561332921790842,595,479,629,629,629,410,116
LOG-00042,0,6,6,0.0,0.006006006006006006,0.0,0.0,9.810527203015459e-26,0.00037903590918156766,0.0009977123368482162,595,479,629,629,629,366,116
DST-00006,1,5,6,0.001001001001001001,0.005005005005005005,0.0004865016259687808,0.1381332354501009,0.00376058872599208,0.0007349472239960228,0.0006385619622215151,595,319,467,460,478,793,276
SUP-00270,0,6,6,0.0,0.006006006006006006,0.0,0.0,9.810527203015459e-26,0.00037903590918156766,0.0010098456133283732,595,479,629,629,629,355,116
SUP-00038,0,6,6,0.0,0.006006006006006006,0.0,0.0,9.810527203015459e-26,0.00037903590918156766,0.001168662325254211,595,479,629,629,629,246,116
RET-00105,6,0,6,0.006006006006006006,0.0,0.0,0.2015766541494998,0.05668574261162907,0.0010998156520540467,0.0005000725896763521,595,479,87,103,336,845,116
SUP-00066,1,5,6,0.001001001001001001,0.005005005005005005,2.815106355520517e-05,0.001001001001001001,9.418106114894841e-24,0.00044626677388051383,0.0012223446992130468,595,465,589,591,600,218,130
WHS-00046,5,1,6,0.005005005005005005,0.001001001001001001,7.673003664987634e-06,0.16969892648389517,0.021031349490055803,0.00075930065453167,0.0005379834058871925,595,476,319,294,468,842,119
WHS-00052,1,5,6,0.001001001001001001,0.005005005005005005,0.0003483383090166959,0.14492262593245614,0.002546865524541048,0.00039634208361089235,0.0013395830070664812,595,360,450,472,627,165,235
SUP-00252,0,6,6,0.0,0.006006006006006006,0.0,0.0,9.810527203015459e-26,0.00037903590918156766,0.0011253121216160062,595,479,629,629,629,273,116
RET-00034,6,0,6,0.006006006006006006,0.0,0.0,0.1749599841387281,0.034393173350448135,0.0014603068168647548,0.0005000725896763521,595,479,280,205,220,845,116
SUP-00079,0,6,6,0.0,0.006006006006006006,0.0,0.0,9.810527203015459e-26,0.00037903590918156766,0.0010691271267310265,595,479,629,629,629,308,116
SUP-00260,0,6,6,0.0,0.006006006006006006,0.0,0.0,9.810527203015459e-26,0.00037903590918156766,0.0012282372354410092,595,479,629,629,629,214,116
RET-00050,6,0,6,0.006006006006006006,0.0,0.0,0.18525174791159446,0.044460493918064135,0.0012896469221841426,0.0005000725896763521,595,479,212,152,271,845,116
SUP-00111,1,5,6,0.001001001001001001,0.005005005005005005,0.0002069125943083101,0.001001001001001001,5.690105777748966e-24,0.00044818765572905516,0.001057419776392182,595,400,589,605,597,322,195
DST-00122,2,4,6,0.002002002002002002,0.004004004004004004,0.00011185830921707902,0.00626713670191931,1.2121691201501845e-20,0.000582590484226252,0.0006916721075448295,595,432,535,495,538,736,163
SUP-00037,0,6,6,0.0,0.006006006006006006,0.0,0.0,9.810527203015459e-26,0.00037903590918156766,0.0008317568089600425,595,479,629,629,629,564,116
SUP-00009,0,6,6,0.0,0.006006006006006006,0.0,0.0,9.810527203015459e-26,0.00037903590918156766,0.0012056099770344677,595,479,629,629,629,224,116
DST-00072,0,5,5,0.0,0.005005005005005005,0.0,0.0,9.810527203015459e-26,0.00037903590918156766,0.0007371410242610361,692,479,629,629,629,681,213
SUP-00011,0,5,5,0.0,0.005005005005005005,0.0,0.0,9.810527203015459e-26,0.00037903590918156766,0.001078712664188744,692,479,629,629,629,302,213
SUP-00068,0,5,5,0.0,0.005005005005005005,0.0,0.0,9.810527203015459e-26,0.00037903590918156766,0.0009605166110369006,692,479,629,629,629,402,213
SUP-00087,0,5,5,0.0,0.005005005005005005,0.0,0.0,9.810527203015459e-26,0.00037903590918156766,0.0011855787762140022,692,479,629,629,629,241,213
SUP-00089,0,5,5,0.0,0.005005005005005005,0.0,0.0,9.810527203015459e-26,0.00037903590918156766,0.0010835337684676212,692,479,629,629,629,294,213
SUP-00185,0,5,5,0.0,0.005005005005005005,0.0,0.0,9.810527203015459e-26,0.00037903590918156766,0.0010563737275969137,692,479,629,629,629,324,213
SUP-00190,0,5,5,0.0,0.005005005005005005,0.0,0.0,9.810527203015459e-26,0.00037903590918156766,0.0009974366826134055,692,479,629,629,629,368,213
RET-00060,5,0,5,0.005005005005005005,0.0,0.0,0.16674007340674007,0.015966372459270888,0.000804125815689853,0.0005000725896763521,692,479,338,345,445,845,213
SUP-00263,0,5,5,0.0,0.005005005005005005,0.0,0.0,9.810527203015459e-26,0.00037903590918156766,0.0018483082983456077,692,479,629,629,629,52,213
SUP-00153,0,5,5,0.0,0.005005005005005005,0.0,0.0,9.810527203015459e-26,0.00037903590918156766,0.0008952874033397234,692,479,629,629,629,482,213
RET-00028,5,0,5,0.005005005005005005,0.0,0.0,0.19399948874889208,0.033172231200523344,0.0011200796206140475,0.0005000725896763521,692,479,139,214,329,845,213
SUP-00027,0,5,5,0.0,0.005005005005005005,0.0,0.0,9.810527203015459e-26,0.00037903590918156766,0.0008916501124298854,692,479,629,629,629,488,213
LOG-00039,0,5,5,0.0,0.005005005005005005,0.0,0.0,9.810527203015459e-26,0.00037903590918156766,0.001545293565105128,692,479,629,629,629,104,213
SUP-00151,0,5,5,0.0,0.005005005005005005,0.0,0.0,9.810527203015459e-26,0.00037903590918156766,0.0008665366310549969,692,479,629,629,629,523,213
SUP-00124,0,5,5,0.0,0.005005005005005005,0.0,0.0,9.810527203015459e-26,0.00037903590918156766,0.0008927080459449905,692,479,629,629,629,487,213
SUP-00280,0,5,5,0.0,0.005005005005005005,0.0,0.0,9.810527203015459e-26,0.00037903590918156766,0.0015849374002892321,692,479,629,629,629,91,213
LOG-00016,0,5,5,0.0,0.005005005005005005,0.0,0.0,9.810527203015459e-26,0.00037903590918156766,0.002478809080149175,692,479,629,629,629,21,213
SUP-00203,0,5,5,0.0,0.005005005005005005,0.0,0.0,9.810527203015459e-26,0.00037903590918156766,0.001736582310971572,692,479,629,629,629,66,213
SUP-00130,0,5,5,0.0,0.005005005005005005,0.0,0.0,9.810527203015459e-26,0.00037903590918156766,0.0009802541917021592,692,479,629,629,629,378,213
SUP-00128,0,5,5,0.0,0.005005005005005005,0.0,0.0,9.810527203015459e-26,0.00037903590918156766,0.000732892368714502,692,479,629,629,629,687,213
SUP-00191,0,5,5,0.0,0.005005005005005005,0.0,0.0,9.810527203015459e-26,0.00037903590918156766,0.0008246806877021712,692,479,629,629,629,574,213
LOG-00010,0,5,5,0.0,0.005005005005005005,0.0,0.0,9.810527203015459e-26,0.00037903590918156766,0.0008774925979652805,692,479,629,629,629,510,213
SUP-00184,0,5,5,0.0,0.005005005005005005,0.0,0.0,9.810527203015459e-26,0.00037903590918156766,0.0009300968960629483,692,479,629,629,629,443,213
SUP-00272,0,5,5,0.0,0.005005005005005005,0.0,0.0,9.810527203015459e-26,0.00037903590918156766,0.0012014347482071988,692,479,629,629,629,229,213
RET-00012,5,0,5,0.005005005005005005,0.0,0.0,0.16285308541116683,0.032233544445724974,0.0012056325351856123,0.0005000725896763521,692,479,359,221,297,845,213
SUP-00023,1,4,5,0.001001001001001001,0.004004004004004004,6.173822417420724e-05,0.001001001001001001,5.690105777748966e-24,0.00044818765572905516,0.0008752198005601414,692,446,589,605,597,514,246
LOG-00065,0,5,5,0.0,0.005005005005005005,0.0,0.0,9.810527203015459e-26,0.00037903590918156766,0.0010388681210713054,692,479,629,629,629,334,213
DST-00023,0,5,5,0.0,0.005005005005005005,0.0,0.0,9.810527203015459e-26,0.00037903590918156766,0.0007519340347959935,692,479,629,629,629,655,213
SUP-00283,0,5,5,0.0,0.005005005005005005,0.0,0.0,9.810527203015459e-26,0.00037903590918156766,0.0017252003894344169,692,479,629,629,629,68,213
SUP-00094,0,5,5,0.0,0.005005005005005005,0.0,0.0,9.810527203015459e-26,0.00037903590918156766,0.0010043404190243769,692,479,629,629,629,361,213
SUP-00258,0,5,5,0.0,0.005005005005005005,0.0,0.0,9.810527203015459e-26,0.00037903590918156766,0.0010826679952148513,692,479,629,629,629,296,213
SUP-00264,0,5,5,0.0,0.005005005005005005,0.0,0.0,9.810527203015459e-26,0.00037903590918156766,0.0011288136832251646,692,479,629,629,629,265,213
RET-00134,5,0,5,0.005005005005005005,0.0,0.0,0.17816367884692563,0.01984650921673812,0.0009225679814221675,0.0005000725896763521,692,479,257,312,401,845,213
SUP-00223,0,5,5,0.0,0.005005005005005005,0.0,0.0,9.810527203015459e-26,0.00037903590918156766,0.0008592456880543024,692,479,629,629,629,532,213
SUP-00244,0,5,5,0.0,0.005005005005005005,0.0,0.0,9.810527203015459e-26,0.00037903590918156766,0.0013734469720989792,692,479,629,629,629,155,213
SUP-00169,0,5,5,0.0,0.005005005005005005,0.0,0.0,9.810527203015459e-26,0.00037903590918156766,0.0007853542530593257,692,479,629,629,629,621,213
SUP-00084,0,5,5,0.0,0.005005005005005005,0.0,0.0,9.810527203015459e-26,0.00037903590918156766,0.0007861131652290214,692,479,629,629,629,619,213
RET-00139,5,0,5,0.005005005005005005,0.0,0.0,0.17953756565709197,0.03308576549855904,0.0011244051987433726,0.0005000725896763521,692,479,249,215,326,845,213
RET-00072,5,0,5,0.005005005005005005,0.0,0.0,0.1857430123639778,0.020363947377353066,0.0008591807060142928,0.0005000725896763521,692,479,208,303,426,845,213
DST-00134,2,3,5,0.002002002002002002,0.003003003003003003,0.000334217742999014,0.13929003085112168,0.004659747529969562,0.0009054951136572269,0.0007254516545187363,692,364,465,451,407,691,328
DST-00123,2,3,5,0.002002002002002002,0.003003003003003003,0.0008216613928036774,0.14636198205858345,0.001697910349694032,0.0005915364652882104,0.0007154542843204603,692,276,446,477,532,702,416
SUP-00114,0,5,5,0.0,0.005005005005005005,0.0,0.0,9.810527203015459e-26,0.00037903590918156766,0.00125915541186516,692,479,629,629,629,200,213
SUP-00241,0,5,5,0.0,0.005005005005005005,0.0,0.0,9.810527203015459e-26,0.00037903590918156766,0.0008783221205340165,692,479,629,629,629,509,213
SUP-00075,0,5,5,0.0,0.005005005005005005,0.0,0.0,9.810527203015459e-26,0.00037903590918156766,0.0015453753441059045,692,479,629,629,629,103,213
RET-00024,5,0,5,0.005005005005005005,0.0,0.0,0.20302412934320518,0.05068340201440405,0.0022224032364236367,0.0005000725896763521,692,479,78,117,92,845,213
DST-00096,1,4,5,0.001001001001001001,0.004004004004004004,3.301962776467341e-05,0.007536948713419302,1.595966754859352e-20,0.0004953072524467546,0.0007432632051495532,692,462,518,493,570,667,230
SUP-00086,0,5,5,0.0,0.005005005005005005,0.0,0.0,9.810527203015459e-26,0.00037903590918156766,0.0011093254562955376,692,479,629,629,629,279,213
SUP-00243,1,4,5,0.001001001001001001,0.004004004004004004,0.00024218271546260858,0.001001001001001001,3.82610560917603e-24,0.0004866052926998815,0.000814693348880258,692,385,589,618,574,586,307
SUP-00095,0,5,5,0.0,0.005005005005005005,0.0,0.0,9.810527203015459e-26,0.00037903590918156766,0.0007240139977499819,692,479,629,629,629,695,213
RET-00077,5,0,5,0.005005005005005005,0.0,0.0,0.1863284487926322,0.07407967273385099,0.0017154067351125004,0.0005000725896763521,692,479,204,54,170,845,213
SUP-00109,0,5,5,0.0,0.005005005005005005,0.0,0.0,9.810527203015459e-26,0.00037903590918156766,0.000868928912226134,692,479,629,629,629,521,213
SUP-00186,0,5,5,0.0,0.005005005005005005,0.0,0.0,9.810527203015459e-26,0.00037903590918156766,0.0008973401484816696,692,479,629,629,629,474,213
SUP-00099,0,5,5,0.0,0.005005005005005005,0.0,0.0,9.810527203015459e-26,0.00037903590918156766,0.0010889444986019175,692,479,629,629,629,287,213
LOG-00099,0,5,5,0.0,0.005005005005005005,0.0,0.0,9.810527203015459e-26,0.00037903590918156766,0.0018958491747865622,692,479,629,629,629,45,213
RET-00061,5,0,5,0.005005005005005005,0.0,0.0,0.20353248397066867,0.04073514885495174,0.0009693396499747503,0.0005000725896763521,692,479,71,176,386,845,213
DST-00163,0,5,5,0.0,0.005005005005005005,0.0,0.0,9.810527203015459e-26,0.00037903590918156766,0.0006892430692765968,692,479,629,629,629,738,213
DST-00189,1,4,5,0.001001001001001001,0.004004004004004004,0.0002951278840074836,0.12318147999879864,0.0009088985606123571,0.0005162850938326849,0.0006492248627118123,692,375,488,484,565,788,317
SUP-00273,0,5,5,0.0,0.005005005005005005,0.0,0.0,9.810527203015459e-26,0.00037903590918156766,0.0007667069579226336,692,479,629,629,629,641,213
SUP-00286,0,5,5,0.0,0.005005005005005005,0.0,0.0,9.810527203015459e-26,0.00037903590918156766,0.0010872658522229795,692,479,629,629,629,289,213
SUP-00013,1,4,5,0.001001001001001001,0.004004004004004004,0.0004159532854854534,0.001001001001001001,3.82610560917603e-24,0.0004597129468203031,0.0010071982112881998,692,340,589,618,589,358,352
SUP-00183,0,5,5,0.0,0.005005005005005005,0.0,0.0,9.810527203015459e-26,0.00037903590918156766,0.0008048074160773835,692,479,629,629,629,600,213
SUP-00036,0,5,5,0.0,0.005005005005005005,0.0,0.0,9.810527203015459e-26,0.00037903590918156766,0.0012120238770357273,692,479,629,629,629,223,213
RET-00041,5,0,5,0.005005005005005005,0.0,0.0,0.19634247774344393,0.04080709279832202,0.0007548224382456087,0.0005000725896763521,692,479,127,175,470,845,213
SUP-00096,0,5,5,0.0,0.005005005005005005,0.0,0.0,9.810527203015459e-26,0.00037903590918156766,0.00070488160797958,692,479,629,629,629,716,213
LOG-00089,0,5,5,0.0,0.005005005005005005,0.0,0.0,9.810527203015459e-26,0.00037903590918156766,0.0013007016841430409,692,479,629,629,629,185,213
DST-00154,3,2,5,0.003003003003003003,0.002002002002002002,5.9262580792568914e-05,0.16338851414228298,0.016606221605532618,0.0009770845150733941,0.0005777216356489994,692,447,356,341,382,832,245
LOG-00048,0,5,5,0.0,0.005005005005005005,0.0,0.0,9.810527203015459e-26,0.00037903590918156766,0.0016592967858455984,692,479,629,629,629,77,213
RET-00074,5,0,5,0.005005005005005005,0.0,0.0,0.18879261537819314,0.04157189597111865,0.0009629436142164027,0.0005000725896763521,692,479,179,172,389,845,213
RET-00016,5,0,5,0.005005005005005005,0.0,0.0,0.1644138463810595,0.019561638315582566,0.0011201624063619773,0.0005000725896763521,692,479,350,316,328,845,213
SUP-00221,0,5,5,0.0,0.005005005005005005,0.0,0.0,9.810527203015459e-26,0.00037903590918156766,0.001375165336540628,692,479,629,629,629,152,213
RET-00048,5,0,5,0.005005005005005005,0.0,0.0,0.1847929202291237,0.01977302791225122,0.0007324904655303939,0.0005000725896763521,692,479,213,313,479,845,213
SUP-00056,1,4,5,0.001001001001001001,0.004004004004004004,4.563880927719716e-05,0.001001001001001001,3.82610560917603e-24,0.000407097487490693,0.0007224655577866676,692,454,589,618,626,697,238
SUP-00083,1,4,5,0.001001001001001001,0.004004004004004004,2.828903407839057e-05,0.001001001001001001,9.418106114894841e-24,0.0004328206009407246,0.0008590587477921106,692,464,589,591,609,533,228
SUP-00001,0,5,5,0.0,0.005005005005005005,0.0,0.0,9.810527203015459e-26,0.00037903590918156766,0.0009384374126285451,692,479,629,629,629,429,213
SUP-00091,0,5,5,0.0,0.005005005005005005,0.0,0.0,9.810527203015459e-26,0.00037903590918156766,0.0011018023570012866,692,479,629,629,629,282,213
RET-00097,5,0,5,0.005005005005005005,0.0,0.0,0.18915123517149565,0.04045969774300502,0.0007302770947420229,0.0005000725896763521,692,479,177,179,480,845,213
LOG-00075,0,5,5,0.0,0.005005005005005005,0.0,0.0,9.810527203015459e-26,0.00037903590918156766,0.0024068659226186935,692,479,629,629,629,22,213
SUP-00250,0,5,5,0.0,0.005005005005005005,0.0,0.0,9.810527203015459e-26,0.00037903590918156766,0.0008735840338183725,692,479,629,629,629,515,213
SUP-00050,0,5,5,0.0,0.005005005005005005,0.0,0.0,9.810527203015459e-26,0.00037903590918156766,0.0009021618381709444,692,479,629,629,629,469,213
WHS-00099,3,2,5,0.003003003003003003,0.002002002002002002,3.5144986158123546e-05,0.0032032032032032033,2.7037812971510606e-22,0.0006101922279309997,0.0006754076107410893,692,461,562,534,525,759,231
SUP-00152,0,5,5,0.0,0.005005005005005005,0.0,0.0,9.810527203015459e-26,0.00037903590918156766,0.0007473263999488882,692,479,629,629,629,663,213
SUP-00222,0,5,5,0.0,0.005005005005005005,0.0,0.0,9.810527203015459e-26,0.00037903590918156766,0.0012505548187122016,692,479,629,629,629,205,213
SUP-00112,0,5,5,0.0,0.005005005005005005,0.0,0.0,9.810527203015459e-26,0.00037903590918156766,0.001128239318339646,692,479,629,629,629,266,213
LOG-00088,0,5,5,0.0,0.005005005005005005,0.0,0.0,9.810527203015459e-26,0.00037903590918156766,0.0009571152861172244,692,479,629,629,629,408,213
SUP-00192,0,5,5,0.0,0.005005005005005005,0.0,0.0,9.810527203015459e-26,0.00037903590918156766,0.0011517834069441572,692,479,629,629,629,252,213
DST-00017,3,2,5,0.003003003003003003,0.002002002002002002,0.00029596913128468965,0.16598609868824812,0.01995528147361622,0.001174389786001729,0.0006567100043208987,692,374,342,309,308,775,318
SUP-00271,0,5,5,0.0,0.005005005005005005,0.0,0.0,9.810527203015459e-26,0.00037903590918156766,0.000962284685716722,692,479,629,629,629,397,213
LOG-00031,0,5,5,0.0,0.005005005005005005,0.0,0.0,9.810527203015459e-26,0.00037903590918156766,0.0020458368106786046,692,479,629,629,629,33,213
SUP-00106,0,5,5,0.0,0.005005005005005005,0.0,0.0,9.810527203015459e-26,0.00037903590918156766,0.0009263307670680822,692,479,629,629,629,444,213
DST-00106,4,1,5,0.004004004004004004,0.001001001001001001,1.8807801038929955e-05,0.16734078391309476,0.017890272120407242,0.0011373202841147678,0.0005283793324471129,692,468,334,330,322,843,224
SUP-00255,0,5,5,0.0,0.005005005005005005,0.0,0.0,9.810527203015459e-26,0.00037903590918156766,0.0008006432090490909,692,479,629,629,629,604,213
DST-00016,2,3,5,0.002002002002002002,0.003003003003003003,0.0003458976060568994,0.17825830216181093,0.0167398408861957,0.0006960301065023758,0.0006328675391154538,692,363,256,337,488,801,329
SUP-00034,0,5,5,0.0,0.005005005005005005,0.0,0.0,9.810527203015459e-26,0.00037903590918156766,0.0008044418147654944,692,479,629,629,629,601,213
SUP-00199,0,5,5,0.0,0.005005005005005005,0.0,0.0,9.810527203015459e-26,0.00037903590918156766,0.0010660536976344274,692,479,629,629,629,309,213
LOG-00078,0,5,5,0.0,0.005005005005005005,0.0,0.0,9.810527203015459e-26,0.00037903590918156766,0.0009043642713447357,692,479,629,629,629,465,213
SUP-00142,1,4,5,0.001001001001001001,0.004004004004004004,0.00019440097003120899,0.001001001001001001,7.554105946321905e-24,0.000471238237911551,0.0013083449325407193,692,403,589,601,585,179,289
RET-00039,5,0,5,0.005005005005005005,0.0,0.0,0.19382601677683645,0.042079947388169434,0.0012352428619225896,0.0005000725896763521,692,479,140,166,288,845,213
DST-00200,2,3,5,0.002002002002002002,0.003003003003003003,0.000534171141661307,0.16447101259474486,0.02062894170179767,0.00101890383584554,0.0006102048471981308,692,308,349,300,366,813,384
DST-00033,1,4,5,0.001001001001001001,0.004004004004004004,0.00025420507020962823,0.15222057263255764,0.010323138633059345,0.0006187951638499667,0.0006692598137754376,692,382,416,391,519,768,310
SUP-00126,1,4,5,0.001001001001001001,0.004004004004004004,0.00021235793761236805,0.001001001001001001,3.82610560917603e-24,0.00042868331695925096,0.0016967686615501655,692,395,589,618,611,71,297
SUP-00132,0,5,5,0.0,0.005005005005005005,0.0,0.0,9.810527203015459e-26,0.00037903590918156766,0.0009597899606956107,692,479,629,629,629,404,213
SUP-00156,0,5,5,0.0,0.005005005005005005,0.0,0.0,9.810527203015459e-26,0.00037903590918156766,0.0012454792275422835,692,479,629,629,629,209,213
LOG-00097,0,4,4,0.0,0.004004004004004004,0.0,0.0,9.810527203015459e-26,0.00037903590918156766,0.0014317707855964683,794,479,629,629,629,136,315
SUP-00164,0,4,4,0.0,0.004004004004004004,0.0,0.0,9.810527203015459e-26,0.00037903590918156766,0.0008127284941380436,794,479,629,629,629,590,315
SUP-00115,0,4,4,0.0,0.004004004004004004,0.0,0.0,9.810527203015459e-26,0.00037903590918156766,0.0009053419378719249,794,479,629,629,629,464,315
SUP-00249,0,4,4,0.0,0.004004004004004004,0.0,0.0,9.810527203015459e-26,0.00037903590918156766,0.0009689280906381723,794,479,629,629,629,391,315
SUP-00257,0,4,4,0.0,0.004004004004004004,0.0,0.0,9.810527203015459e-26,0.00037903590918156766,0.0009210088653777895,794,479,629,629,629,453,315
SUP-00238,0,4,4,0.0,0.004004004004004004,0.0,0.0,9.810527203015459e-26,0.00037903590918156766,0.0008448292059840305,794,479,629,629,629,550,315
LOG-00091,0,4,4,0.0,0.004004004004004004,0.0,0.0,9.810527203015459e-26,0.00037903590918156766,0.0009666058038308209,794,479,629,629,629,393,315
LOG-00100,0,4,4,0.0,0.004004004004004004,0.0,0.0,9.810527203015459e-26,0.00037903590918156766,0.0009454681548285613,794,479,629,629,629,418,315
RET-00026,4,0,4,0.004004004004004004,0.0,0.0,0.13331002178890658,0.0014048080918188288,0.0007930943216760396,0.0005000725896763521,794,479,471,481,452,845,315
SUP-00062,0,4,4,0.0,0.004004004004004004,0.0,0.0,9.810527203015459e-26,0.00037903590918156766,0.001191675395255575,794,479,629,629,629,236,315
WHS-00004,1,3,4,0.001001001001001001,0.003003003003003003,1.1512291628078758e-05,0.0025025025025025025,3.3608904092090374e-21,0.00041877222104893017,0.0008757529632505525,794,473,574,502,619,513,321
SUP-00268,1,3,4,0.001001001001001001,0.003003003003003003,7.245569088208614e-05,0.001001001001001001,3.82610560917603e-24,0.00042868331695925096,0.0008152215712286298,794,443,589,618,611,584,351
SUP-00150,1,3,4,0.001001001001001001,0.003003003003003003,6.808630166456931e-05,0.001001001001001001,3.82610560917603e-24,0.000413005188187351,0.0007979130487338804,794,444,589,618,623,607,350
SUP-00125,0,4,4,0.0,0.004004004004004004,0.0,0.0,9.810527203015459e-26,0.00037903590918156766,0.0011107136166169178,794,479,629,629,629,278,315
SUP-00247,0,4,4,0.0,0.004004004004004004,0.0,0.0,9.810527203015459e-26,0.00037903590918156766,0.0006963642849035921,794,479,629,629,629,728,315
LOG-00060,0,4,4,0.0,0.004004004004004004,0.0,0.0,9.810527203015459e-26,0.00037903590918156766,0.0011415740122906848,794,479,629,629,629,256,315
LOG-00037,0,4,4,0.0,0.004004004004004004,0.0,0.0,9.810527203015459e-26,0.00037903590918156766,0.000773308550020913,794,479,629,629,629,634,315
LOG-00070,0,4,4,0.0,0.004004004004004004,0.0,0.0,9.810527203015459e-26,0.00037903590918156766,0.0022497978556400536,794,479,629,629,629,26,315
LOG-00005,0,4,4,0.0,0.004004004004004004,0.0,0.0,9.810527203015459e-26,0.00037903590918156766,0.0008856252116698083,794,479,629,629,629,497,315
RET-00009,4,0,4,0.004004004004004004,0.0,0.0,0.19795625153311608,0.06804247953567266,0.0010573441572168582,0.0005000725896763521,794,479,115,63,353,845,315
SUP-00195,0,4,4,0.0,0.004004004004004004,0.0,0.0,9.810527203015459e-26,0.00037903590918156766,0.0007297399077762713,794,479,629,629,629,688,315
LOG-00067,0,4,4,0.0,0.004004004004004004,0.0,0.0,9.810527203015459e-26,0.00037903590918156766,0.000745481073614595,794,479,629,629,629,665,315
SUP-00022,0,4,4,0.0,0.004004004004004004,0.0,0.0,9.810527203015459e-26,0.00037903590918156766,0.0007415787538124364,794,479,629,629,629,675,315
SUP-00290,0,4,4,0.0,0.004004004004004004,0.0,0.0,9.810527203015459e-26,0.00037903590918156766,0.0008468968391997121,794,479,629,629,629,546,315
RET-00124,4,0,4,0.004004004004004004,0.0,0.0,0.16433820730004708,0.027611634833298045,0.0009411979128065816,0.0005000725896763521,794,479,351,241,395,845,315
SUP-00031,0,4,4,0.0,0.004004004004004004,0.0,0.0,9.810527203015459e-26,0.00037903590918156766,0.0010418418565873403,794,479,629,629,629,331,315
SUP-00140,0,4,4,0.0,0.004004004004004004,0.0,0.0,9.810527203015459e-26,0.00037903590918156766,0.0007890603456548585,794,479,629,629,629,617,315
LOG-00020,0,4,4,0.0,0.004004004004004004,0.0,0.0,9.810527203015459e-26,0.00037903590918156766,0.0036062007500398644,794,479,629,629,629,7,315
LOG-00012,0,4,4,0.0,0.004004004004004004,0.0,0.0,9.810527203015459e-26,0.00037903590918156766,0.0006516005552943463,794,479,629,629,629,784,315
SUP-00175,0,4,4,0.0,0.004004004004004004,0.0,0.0,9.810527203015459e-26,0.00037903590918156766,0.0007050364094705846,794,479,629,629,629,715,315
SUP-00278,0,4,4,0.0,0.004004004004004004,0.0,0.0,9.810527203015459e-26,0.00037903590918156766,0.000809086802802053,794,479,629,629,629,593,315
SUP-00281,0,4,4,0.0,0.004004004004004004,0.0,0.0,9.810527203015459e-26,0.00037903590918156766,0.0007765281055062247,794,479,629,629,629,629,315
SUP-00214,0,4,4,0.0,0.004004004004004004,0.0,0.0,9.810527203015459e-26,0.00037903590918156766,0.0006801076673925831,794,479,629,629,629,751,315
RET-00093,4,0,4,0.004004004004004004,0.0,0.0,0.18835622678442673,0.05092239976583186,0.001371492305693287,0.0005000725896763521,794,479,187,116,244,845,315
LOG-00022,0,4,4,0.0,0.004004004004004004,0.0,0.0,9.810527203015459e-26,0.00037903590918156766,0.0008082969261915195,794,479,629,629,629,594,315
SUP-00296,0,4,4,0.0,0.004004004004004004,0.0,0.0,9.810527203015459e-26,0.00037903590918156766,0.0011276461705727308,794,479,629,629,629,270,315
SUP-00236,0,4,4,0.0,0.004004004004004004,0.0,0.0,9.810527203015459e-26,0.00037903590918156766,0.0007560193159548941,794,479,629,629,629,648,315
SUP-00159,0,4,4,0.0,0.004004004004004004,0.0,0.0,9.810527203015459e-26,0.00037903590918156766,0.0009435736058014605,794,479,629,629,629,422,315
SUP-00209,0,4,4,0.0,0.004004004004004004,0.0,0.0,9.810527203015459e-26,0.00037903590918156766,0.000843921504487786,794,479,629,629,629,553,315
LOG-00049,0,4,4,0.0,0.004004004004004004,0.0,0.0,9.810527203015459e-26,0.00037903590918156766,0.0029521206465052585,794,479,629,629,629,12,315
SUP-00065,0,4,4,0.0,0.004004004004004004,0.0,0.0,9.810527203015459e-26,0.00037903590918156766,0.0008344143741290844,794,479,629,629,629,563,315
LOG-00063,0,4,4,0.0,0.004004004004004004,0.0,0.0,9.810527203015459e-26,0.00037903590918156766,0.00265509056192842,794,479,629,629,629,18,315
SUP-00006,0,4,4,0.0,0.004004004004004004,0.0,0.0,9.810527203015459e-26,0.00037903590918156766,0.0009116684056743745,794,479,629,629,629,459,315
SUP-00193,1,3,4,0.001001001001001001,0.003003003003003003,1.7867654529867843e-05,0.001001001001001001,3.82610560917603e-24,0.000413005188187351,0.0006316871033179719,794,470,589,618,623,802,324
SUP-00053,0,4,4,0.0,0.004004004004004004,0.0,0.0,9.810527203015459e-26,0.00037903590918156766,0.0009464122411152872,794,479,629,629,629,417,315
LOG-00018,0,4,4,0.0,0.004004004004004004,0.0,0.0,9.810527203015459e-26,0.00037903590918156766,0.0016305890810880198,794,479,629,629,629,82,315
SUP-00081,0,4,4,0.0,0.004004004004004004,0.0,0.0,9.810527203015459e-26,0.00037903590918156766,0.0008354875391687288,794,479,629,629,629,562,315
SUP-00248,0,4,4,0.0,0.004004004004004004,0.0,0.0,9.810527203015459e-26,0.00037903590918156766,0.0007046416643146705,794,479,629,629,629,718,315
SUP-00019,0,4,4,0.0,0.004004004004004004,0.0,0.0,9.810527203015459e-26,0.00037903590918156766,0.000678043770181005,794,479,629,629,629,755,315
LOG-00008,0,4,4,0.0,0.004004004004004004,0.0,0.0,9.810527203015459e-26,0.00037903590918156766,0.0009397205130158403,794,479,629,629,629,427,315
SUP-00206,0,4,4,0.0,0.004004004004004004,0.0,0.0,9.810527203015459e-26,0.00037903590918156766,0.000887124304691486,794,479,629,629,629,493,315
RET-00054,4,0,4,0.004004004004004004,0.0,0.0,0.17651636435566945,0.029980349491049663,0.0017987074530539562,0.0005000725896763521,794,479,273,235,156,845,315
SUP-00042,0,4,4,0.0,0.004004004004004004,0.0,0.0,9.810527203015459e-26,0.00037903590918156766,0.0009719152948399392,794,479,629,629,629,387,315
SUP-00239,0,4,4,0.0,0.004004004004004004,0.0,0.0,9.810527203015459e-26,0.00037903590918156766,0.0008976737001831579,794,479,629,629,629,472,315
LOG-00017,0,4,4,0.0,0.004004004004004004,0.0,0.0,9.810527203015459e-26,0.00037903590918156766,0.0018286723962795805,794,479,629,629,629,56,315
WHS-00034,2,2,4,0.002002002002002002,0.002002002002002002,5.202899881145261e-06,0.002002002002002002,1.1282106283467782e-23,0.0004360337123964665,0.000578991092271979,794,477,577,586,608,831,317
SUP-00218,1,3,4,0.001001001001001001,0.003003003003003003,7.9392851047271e-05,0.001001001001001001,5.690105777748966e-24,0.000443577539292556,0.0008855503994785728,794,441,589,605,603,499,353
SUP-00135,0,4,4,0.0,0.004004004004004004,0.0,0.0,9.810527203015459e-26,0.00037903590918156766,0.000696385096020252,794,479,629,629,629,727,315
SUP-00179,0,4,4,0.0,0.004004004004004004,0.0,0.0,9.810527203015459e-26,0.00037903590918156766,0.0011885616281658983,794,479,629,629,629,240,315
SUP-00196,0,4,4,0.0,0.004004004004004004,0.0,0.0,9.810527203015459e-26,0.00037903590918156766,0.0011293252257523604,794,479,629,629,629,264,315
DST-00158,1,3,4,0.001001001001001001,0.003003003003003003,5.725464995259067e-05,0.14672524510069637,0.005236295745053048,0.0006320975047522258,0.0006997483144844526,794,449,442,444,512,722,345
SUP-00047,0,4,4,0.0,0.004004004004004004,0.0,0.0,9.810527203015459e-26,0.00037903590918156766,0.0009507953148296178,794,479,629,629,629,414,315
RET-00150,4,0,4,0.004004004004004004,0.0,0.0,0.18723524896717236,0.022145880539301433,0.000906291119814441,0.0005000725896763521,794,479,194,283,406,845,315
SUP-00101,0,4,4,0.0,0.004004004004004004,0.0,0.0,9.810527203015459e-26,0.00037903590918156766,0.0007936733007091062,794,479,629,629,629,611,315
SUP-00090,1,3,4,0.001001001001001001,0.003003003003003003,3.8256633800663036e-05,0.001001001001001001,5.690105777748966e-24,0.0004274421317648089,0.0007351908497982261,794,458,589,605,613,683,336
RET-00083,4,0,4,0.004004004004004004,0.0,0.0,0.13868336239844023,0.002851674910402866,0.0005839771670538168,0.0005000725896763521,794,479,466,467,537,845,315
LOG-00052,0,4,4,0.0,0.004004004004004004,0.0,0.0,9.810527203015459e-26,0.00037903590918156766,0.0007628270986341087,794,479,629,629,629,643,315
DST-00113,2,2,4,0.002002002002002002,0.002002002002002002,1.790799218988932e-05,0.13065828536995908,0.0034710156581191777,0.000580990495958645,0.0006015724816115086,794,469,479,462,540,818,325
SUP-00176,0,4,4,0.0,0.004004004004004004,0.0,0.0,9.810527203015459e-26,0.00037903590918156766,0.0008218731910625877,794,479,629,629,629,576,315
SUP-00256,0,4,4,0.0,0.004004004004004004,0.0,0.0,9.810527203015459e-26,0.00037903590918156766,0.0007135374741291179,794,479,629,629,629,705,315
SUP-00158,1,3,4,0.001001001001001001,0.003003003003003003,3.101879911053814e-05,0.001001001001001001,5.690105777748966e-24,0.000414892370354339,0.0009243856319759369,794,463,589,605,622,446,331
SUP-00058,0,4,4,0.0,0.004004004004004004,0.0,0.0,9.810527203015459e-26,0.00037903590918156766,0.0010531963872358009,794,479,629,629,629,325,315
LOG-00059,0,4,4,0.0,0.004004004004004004,0.0,0.0,9.810527203015459e-26,0.00037903590918156766,0.0008860500679249664,794,479,629,629,629,495,315
LOG-00079,0,4,4,0.0,0.004004004004004004,0.0,0.0,9.810527203015459e-26,0.00037903590918156766,0.0007559882594951567,794,479,629,629,629,649,315
SUP-00168,0,4,4,0.0,0.004004004004004004,0.0,0.0,9.810527203015459e-26,0.00037903590918156766,0.0007865187965524962,794,479,629,629,629,618,315
SUP-00048,0,4,4,0.0,0.004004004004004004,0.0,0.0,9.810527203015459e-26,0.00037903590918156766,0.0012349184631206547,794,479,629,629,629,212,315
RET-00094,4,0,4,0.004004004004004004,0.0,0.0,0.17909365409365408,0.02027832901796137,0.0008198330488546424,0.0005000725896763521,794,479,251,304,436,845,315
SUP-00043,0,4,4,0.0,0.004004004004004004,0.0,0.0,9.810527203015459e-26,0.00037903590918156766,0.0011151220895759184,794,479,629,629,629,276,315
LOG-00055,0,4,4,0.0,0.004004004004004004,0.0,0.0,9.810527203015459e-26,0.00037903590918156766,0.0013837903832698893,794,479,629,629,629,149,315
SUP-00170,0,4,4,0.0,0.004004004004004004,0.0,0.0,9.810527203015459e-26,0.00037903590918156766,0.0009430629645274494,794,479,629,629,629,423,315
RET-00120,3,0,3,0.003003003003003003,0.0,0.0,0.17221564785124108,0.04877918331161143,0.0009534030026032436,0.0005000725896763521,874,479,306,127,393,845,395
SUP-00226,0,3,3,0.0,0.003003003003003003,0.0,0.0,9.810527203015459e-26,0.00037903590918156766,0.0007518342634399008,874,479,629,629,629,656,395
LOG-00086,0,3,3,0.0,0.003003003003003003,0.0,0.0,9.810527203015459e-26,0.00037903590918156766,0.0011367543113492847,874,479,629,629,629,258,395
LOG-00035,0,3,3,0.0,0.003003003003003003,0.0,0.0,9.810527203015459e-26,0.00037903590918156766,0.0006926088437949536,874,479,629,629,629,734,395
SUP-00144,1,2,3,0.001001001001001001,0.002002002002002002,0.0004904704303501898,0.001001001001001001,5.690105777748966e-24,0.00047584835434805016,0.0006147365630592534,874,317,589,605,582,812,557
SUP-00116,0,3,3,0.0,0.003003003003003003,0.0,0.0,9.810527203015459e-26,0.00037903590918156766,0.0007502165127431428,874,479,629,629,629,660,395
SUP-00020,0,3,3,0.0,0.003003003003003003,0.0,0.0,9.810527203015459e-26,0.00037903590918156766,0.0006515141701666043,874,479,629,629,629,785,395
LOG-00011,0,3,3,0.0,0.003003003003003003,0.0,0.0,9.810527203015459e-26,0.00037903590918156766,0.0009407835714457277,874,479,629,629,629,426,395
RET-00070,3,0,3,0.003003003003003003,0.0,0.0,0.1721700519688341,0.022658823827261684,0.0009869168069413098,0.0005000725896763521,874,479,307,280,376,845,395
SUP-00220,0,3,3,0.0,0.003003003003003003,0.0,0.0,9.810527203015459e-26,0.00037903590918156766,0.0006758094512338455,874,479,629,629,629,757,395
LOG-00032,0,3,3,0.0,0.003003003003003003,0.0,0.0,9.810527203015459e-26,0.00037903590918156766,0.000581862240859552,874,479,629,629,629,830,395
LOG-00083,0,3,3,0.0,0.003003003003003003,0.0,0.0,9.810527203015459e-26,0.00037903590918156766,0.0016582266602024622,874,479,629,629,629,78,395
SUP-00105,0,3,3,0.0,0.003003003003003003,0.0,0.0,9.810527203015459e-26,0.00037903590918156766,0.000818668732804342,874,479,629,629,629,581,395
LOG-00073,0,3,3,0.0,0.003003003003003003,0.0,0.0,9.810527203015459e-26,0.00037903590918156766,0.0019184056920451904,874,479,629,629,629,43,395
LOG-00082,0,3,3,0.0,0.003003003003003003,0.0,0.0,9.810527203015459e-26,0.00037903590918156766,0.0007969946589094345,874,479,629,629,629,608,395
SUP-00180,0,3,3,0.0,0.003003003003003003,0.0,0.0,9.810527203015459e-26,0.00037903590918156766,0.0007082007551055009,874,479,629,629,629,712,395
SUP-00269,0,3,3,0.0,0.003003003003003003,0.0,0.0,9.810527203015459e-26,0.00037903590918156766,0.0008930188191498699,874,479,629,629,629,486,395
DST-00089,1,2,3,0.001001001001001001,0.002002002002002002,5.344646710712174e-05,0.1312648942846763,0.00318462667226963,0.0004182128928686373,0.0005472834858359776,874,451,476,465,620,841,423
LOG-00085,0,3,3,0.0,0.003003003003003003,0.0,0.0,9.810527203015459e-26,0.00037903590918156766,0.0006546039765768492,874,479,629,629,629,780,395
LOG-00093,0,3,3,0.0,0.003003003003003003,0.0,0.0,9.810527203015459e-26,0.00037903590918156766,0.001223228087308322,874,479,629,629,629,217,395
LOG-00044,0,3,3,0.0,0.003003003003003003,0.0,0.0,9.810527203015459e-26,0.00037903590918156766,0.00069272499149487,874,479,629,629,629,733,395
RET-00062,3,0,3,0.003003003003003003,0.0,0.0,0.1582667882740716,0.015172715235824592,0.0008933443598009344,0.0005000725896763521,874,479,388,350,412,845,395
LOG-00002,0,3,3,0.0,0.003003003003003003,0.0,0.0,9.810527203015459e-26,0.00037903590918156766,0.0007096914141083495,874,479,629,629,629,709,395
LOG-00084,0,3,3,0.0,0.003003003003003003,0.0,0.0,9.810527203015459e-26,0.00037903590918156766,0.0005993051964883921,874,479,629,629,629,821,395
SUP-00118,0,3,3,0.0,0.003003003003003003,0.0,0.0,9.810527203015459e-26,0.00037903590918156766,0.00098204014998809,874,479,629,629,629,376,395
DST-00156,1,2,3,0.001001001001001001,0.002002002002002002,1.423712735224648e-05,0.1481965100925903,0.008946915456986539,0.0008053661157327245,0.0005557069111597656,874,471,434,404,442,839,403
SUP-00234,0,3,3,0.0,0.003003003003003003,0.0,0.0,9.810527203015459e-26,0.00037903590918156766,0.0006590934373817525,874,479,629,629,629,773,395
WHS-00087,1,2,3,0.001001001001001001,0.002002002002002002,4.93145115723606e-06,0.001001001001001001,7.554105946321905e-24,0.00042684452407859607,0.0006228647400806191,874,478,589,601,615,805,396
RET-00118,3,0,3,0.003003003003003003,0.0,0.0,0.14444386634524353,0.005243454984730315,0.0007029291474250844,0.0005000725896763521,874,479,452,443,486,845,395
SUP-00230,0,3,3,0.0,0.003003003003003003,0.0,0.0,9.810527203015459e-26,0.00037903590918156766,0.0007414446706242187,874,479,629,629,629,677,395
SUP-00298,0,3,3,0.0,0.003003003003003003,0.0,0.0,9.810527203015459e-26,0.00037903590918156766,0.0007623454096850645,874,479,629,629,629,644,395
SUP-00253,0,3,3,0.0,0.003003003003003003,0.0,0.0,9.810527203015459e-26,0.00037903590918156766,0.0009025841348589724,874,479,629,629,629,467,395
SUP-00137,0,3,3,0.0,0.003003003003003003,0.0,0.0,9.810527203015459e-26,0.00037903590918156766,0.0008813438839761812,874,479,629,629,629,506,395
SUP-00131,0,3,3,0.0,0.003003003003003003,0.0,0.0,9.810527203015459e-26,0.00037903590918156766,0.0007098704667771114,874,479,629,629,629,708,395
LOG-00045,0,3,3,0.0,0.003003003003003003,0.0,0.0,9.810527203015459e-26,0.00037903590918156766,0.0016266595243654696,874,479,629,629,629,83,395
SUP-00057,0,3,3,0.0,0.003003003003003003,0.0,0.0,9.810527203015459e-26,0.00037903590918156766,0.001019830668056873,874,479,629,629,629,349,395
SUP-00279,0,3,3,0.0,0.003003003003003003,0.0,0.0,9.810527203015459e-26,0.00037903590918156766,0.0009348108011090663,874,479,629,629,629,436,395
SUP-00235,0,3,3,0.0,0.003003003003003003,0.0,0.0,9.810527203015459e-26,0.00037903590918156766,0.0007432404879928456,874,479,629,629,629,668,395
WHS-00048,3,0,3,0.003003003003003003,0.0,0.0,0.1408155665409888,0.006858501889846993,0.0006023997416222201,0.0005000725896763521,874,479,460,424,529,845,395
LOG-00034,0,3,3,0.0,0.003003003003003003,0.0,0.0,9.810527203015459e-26,0.00037903590918156766,0.0008690775148071871,874,479,629,629,629,520,395
DST-00053,0,3,3,0.0,0.003003003003003003,0.0,0.0,9.810527203015459e-26,0.00037903590918156766,0.0006976462706805252,874,479,629,629,629,725,395
LOG-00090,0,3,3,0.0,0.003003003003003003,0.0,0.0,9.810527203015459e-26,0.00037903590918156766,0.0031258631454940604,874,479,629,629,629,10,395
LOG-00040,0,3,3,0.0,0.003003003003003003,0.0,0.0,9.810527203015459e-26,0.00037903590918156766,0.0007801753092775427,874,479,629,629,629,626,395
SUP-00275,0,3,3,0.0,0.003003003003003003,0.0,0.0,9.810527203015459e-26,0.00037903590918156766,0.0006986415852218014,874,479,629,629,629,723,395
SUP-00231,0,3,3,0.0,0.003003003003003003,0.0,0.0,9.810527203015459e-26,0.00037903590918156766,0.000656505999833108,874,479,629,629,629,776,395
SUP-00289,0,3,3,0.0,0.003003003003003003,0.0,0.0,9.810527203015459e-26,0.00037903590918156766,0.0010750952635499075,874,479,629,629,629,304,395
SUP-00008,0,3,3,0.0,0.003003003003003003,0.0,0.0,9.810527203015459e-26,0.00037903590918156766,0.0008432479696436378,874,479,629,629,629,554,395
DST-00057,1,2,3,0.001001001001001001,0.002002002002002002,1.0865909329503182e-05,0.004270937604270938,1.5658582468732975e-21,0.00044505965845916754,0.000675574394855069,874,474,556,504,602,758,400
LOG-00028,0,3,3,0.0,0.003003003003003003,0.0,0.0,9.810527203015459e-26,0.00037903590918156766,0.0009858293012055541,874,479,629,629,629,374,395
SUP-00149,0,3,3,0.0,0.003003003003003003,0.0,0.0,9.810527203015459e-26,0.00037903590918156766,0.0007899883791465006,874,479,629,629,629,614,395
SUP-00092,0,3,3,0.0,0.003003003003003003,0.0,0.0,9.810527203015459e-26,0.00037903590918156766,0.0007427946285160601,874,479,629,629,629,671,395
SUP-00061,0,3,3,0.0,0.003003003003003003,0.0,0.0,9.810527203015459e-26,0.00037903590918156766,0.0007828968947392763,874,479,629,629,629,623,395
LOG-00025,0,3,3,0.0,0.003003003003003003,0.0,0.0,9.810527203015459e-26,0.00037903590918156766,0.0015838358953588875,874,479,629,629,629,92,395
SUP-00119,0,3,3,0.0,0.003003003003003003,0.0,0.0,9.810527203015459e-26,0.00037903590918156766,0.0008636865192646998,874,479,629,629,629,527,395
SUP-00240,0,3,3,0.0,0.003003003003003003,0.0,0.0,9.810527203015459e-26,0.00037903590918156766,0.0008076951144911769,874,479,629,629,629,595,395
LOG-00087,0,3,3,0.0,0.003003003003003003,0.0,0.0,9.810527203015459e-26,0.00037903590918156766,0.0014953484827668181,874,479,629,629,629,118,395
SUP-00030,0,3,3,0.0,0.003003003003003003,0.0,0.0,9.810527203015459e-26,0.00037903590918156766,0.0006621972853982374,874,479,629,629,629,770,395
LOG-00066,0,3,3,0.0,0.003003003003003003,0.0,0.0,9.810527203015459e-26,0.00037903590918156766,0.0011278502933670617,874,479,629,629,629,267,395
LOG-00053,0,3,3,0.0,0.003003003003003003,0.0,0.0,9.810527203015459e-26,0.00037903590918156766,0.0007268807319758942,874,479,629,629,629,689,395
RET-00128,3,0,3,0.003003003003003003,0.0,0.0,0.14802783662332947,0.008122881418613183,0.0006546738640655194,0.0005000725896763521,874,479,435,414,506,845,395
LOG-00014,0,3,3,0.0,0.003003003003003003,0.0,0.0,9.810527203015459e-26,0.00037903590918156766,0.00148092759615663,874,479,629,629,629,119,395
SUP-00129,0,3,3,0.0,0.003003003003003003,0.0,0.0,9.810527203015459e-26,0.00037903590918156766,0.0011689854625207194,874,479,629,629,629,245,395
RET-00075,3,0,3,0.003003003003003003,0.0,0.0,0.16064384542645413,0.013316707713945225,0.0009354390323257401,0.0005000725896763521,874,479,369,361,397,845,395
LOG-00056,0,3,3,0.0,0.003003003003003003,0.0,0.0,9.810527203015459e-26,0.00037903590918156766,0.0007212494644988144,874,479,629,629,629,698,395
SUP-00138,0,3,3,0.0,0.003003003003003003,0.0,0.0,9.810527203015459e-26,0.00037903590918156766,0.0009672289157972719,874,479,629,629,629,392,395
LOG-00080,0,3,3,0.0,0.003003003003003003,0.0,0.0,9.810527203015459e-26,0.00037903590918156766,0.0034879583954183493,874,479,629,629,629,8,395
LOG-00013,0,3,3,0.0,0.003003003003003003,0.0,0.0,9.810527203015459e-26,0.00037903590918156766,0.001059083674403185,874,479,629,629,629,319,395
SUP-00254,0,3,3,0.0,0.003003003003003003,0.0,0.0,9.810527203015459e-26,0.00037903590918156766,0.0009443768002597864,874,479,629,629,629,421,395
SUP-00297,0,3,3,0.0,0.003003003003003003,0.0,0.0,9.810527203015459e-26,0.00037903590918156766,0.0006804284064977136,874,479,629,629,629,749,395
LOG-00071,0,3,3,0.0,0.003003003003003003,0.0,0.0,9.810527203015459e-26,0.00037903590918156766,0.0009420480368710358,874,479,629,629,629,424,395
SUP-00210,0,3,3,0.0,0.003003003003003003,0.0,0.0,9.810527203015459e-26,0.00037903590918156766,0.0006219283380209453,874,479,629,629,629,806,395
SUP-00060,1,2,3,0.001001001001001001,0.002002002002002002,7.749423247085237e-06,0.001001001001001001,5.690105777748966e-24,0.0004274421317648089,0.000698272718579429,874,475,589,605,613,724,399
LOG-00006,0,3,3,0.0,0.003003003003003003,0.0,0.0,9.810527203015459e-26,0.00037903590918156766,0.0012473266641103943,874,479,629,629,629,206,395
SUP-00104,0,3,3,0.0,0.003003003003003003,0.0,0.0,9.810527203015459e-26,0.00037903590918156766,0.0006561997370525144,874,479,629,629,629,777,395
SUP-00021,0,2,2,0.0,0.002002002002002002,0.0,0.0,9.810527203015459e-26,0.00037903590918156766,0.0006255071049626915,948,479,629,629,629,803,469
SUP-00227,0,2,2,0.0,0.002002002002002002,0.0,0.0,9.810527203015459e-26,0.00037903590918156766,0.0008395798440214699,948,479,629,629,629,559,469
SUP-00208,0,2,2,0.0,0.002002002002002002,0.0,0.0,9.810527203015459e-26,0.00037903590918156766,0.0008909072410311048,948,479,629,629,629,489,469
LOG-00092,0,2,2,0.0,0.002002002002002002,0.0,0.0,9.810527203015459e-26,0.00037903590918156766,0.0006392143275429016,948,479,629,629,629,792,469
SUP-00055,0,2,2,0.0,0.002002002002002002,0.0,0.0,9.810527203015459e-26,0.00037903590918156766,0.0006216459659302968,948,479,629,629,629,807,469
LOG-00024,0,2,2,0.0,0.002002002002002002,0.0,0.0,9.810527203015459e-26,0.00037903590918156766,0.0005641190986390369,948,479,629,629,629,836,469
LOG-00096,0,2,2,0.0,0.002002002002002002,0.0,0.0,9.810527203015459e-26,0.00037903590918156766,0.0005894607561431795,948,479,629,629,629,824,469
LOG-00072,0,2,2,0.0,0.002002002002002002,0.0,0.0,9.810527203015459e-26,0.00037903590918156766,0.0008904792003010446,948,479,629,629,629,490,469
SUP-00003,0,2,2,0.0,0.002002002002002002,0.0,0.0,9.810527203015459e-26,0.00037903590918156766,0.0006948393856073644,948,479,629,629,629,732,469
SUP-00015,0,2,2,0.0,0.002002002002002002,0.0,0.0,9.810527203015459e-26,0.00037903590918156766,0.0015140766453098906,948,479,629,629,629,113,469
SUP-00299,0,2,2,0.0,0.002002002002002002,0.0,0.0,9.810527203015459e-26,0.00037903590918156766,0.0009722992162860791,948,479,629,629,629,386,469
LOG-00023,0,2,2,0.0,0.002002002002002002,0.0,0.0,9.810527203015459e-26,0.00037903590918156766,0.0006378755467199026,948,479,629,629,629,796,469
SUP-00078,0,2,2,0.0,0.002002002002002002,0.0,0.0,9.810527203015459e-26,0.00037903590918156766,0.0007777331172264649,948,479,629,629,629,628,469
SUP-00216,0,2,2,0.0,0.002002002002002002,0.0,0.0,9.810527203015459e-26,0.00037903590918156766,0.0006706322160398171,948,479,629,629,629,764,469
LOG-00061,0,2,2,0.0,0.002002002002002002,0.0,0.0,9.810527203015459e-26,0.00037903590918156766,0.0008965700332819162,948,479,629,629,629,476,469
SUP-00160,0,2,2,0.0,0.002002002002002002,0.0,0.0,9.810527203015459e-26,0.00037903590918156766,0.0005684719335544506,948,479,629,629,629,834,469
LOG-00098,0,2,2,0.0,0.002002002002002002,0.0,0.0,9.810527203015459e-26,0.00037903590918156766,0.0007207796493026808,948,479,629,629,629,699,469
MFG-00061,0,2,2,0.0,0.002002002002002002,0.0,0.0,9.810527203015459e-26,0.00037903590918156766,0.0007243831332110209,948,479,629,629,629,694,469
LOG-00064,0,2,2,0.0,0.002002002002002002,0.0,0.0,9.810527203015459e-26,0.00037903590918156766,0.0006098166985123018,948,479,629,629,629,814,469
LOG-00030,0,2,2,0.0,0.002002002002002002,0.0,0.0,9.810527203015459e-26,0.00037903590918156766,0.0006334236435894232,948,479,629,629,629,800,469
SUP-00141,0,2,2,0.0,0.002002002002002002,0.0,0.0,9.810527203015459e-26,0.00037903590918156766,0.0006453220185233918,948,479,629,629,629,791,469
LOG-00062,0,2,2,0.0,0.002002002002002002,0.0,0.0,9.810527203015459e-26,0.00037903590918156766,0.0006382437152263582,948,479,629,629,629,795,469
LOG-00033,0,2,2,0.0,0.002002002002002002,0.0,0.0,9.810527203015459e-26,0.00037903590918156766,0.0008019041337849484,948,479,629,629,629,603,469
LOG-00004,0,2,2,0.0,0.002002002002002002,0.0,0.0,9.810527203015459e-26,0.00037903590918156766,0.0009323515779691722,948,479,629,629,629,442,469
SUP-00219,0,2,2,0.0,0.002002002002002002,0.0,0.0,9.810527203015459e-26,0.00037903590918156766,0.000621555276579524,948,479,629,629,629,808,469
LOG-00081,0,2,2,0.0,0.002002002002002002,0.0,0.0,9.810527203015459e-26,0.00037903590918156766,0.0005688538116329591,948,479,629,629,629,833,469
SUP-00049,0,2,2,0.0,0.002002002002002002,0.0,0.0,9.810527203015459e-26,0.00037903590918156766,0.0006866041000496543,948,479,629,629,629,742,469
LOG-00051,0,2,2,0.0,0.002002002002002002,0.0,0.0,9.810527203015459e-26,0.00037903590918156766,0.0006544517703655206,948,479,629,629,629,781,469
RET-00043,2,0,2,0.002002002002002002,0.0,0.0,0.1501122544520513,0.011541306506172444,0.0005494215617602001,0.0005000725896763521,948,479,424,370,549,845,469
LOG-00069,0,2,2,0.0,0.002002002002002002,0.0,0.0,9.810527203015459e-26,0.00037903590918156766,0.0014650371720750861,948,479,629,629,629,123,469
RET-00068,2,0,2,0.002002002002002002,0.0,0.0,0.15911090929441798,0.010565108775414308,0.000657578777825601,0.0005000725896763521,948,479,379,385,504,845,469
SUP-00288,0,2,2,0.0,0.002002002002002002,0.0,0.0,9.810527203015459e-26,0.00037903590918156766,0.000743771832278419,948,479,629,629,629,666,469
SUP-00172,0,2,2,0.0,0.002002002002002002,0.0,0.0,9.810527203015459e-26,0.00037903590918156766,0.0005999905264010173,948,479,629,629,629,820,469
SUP-00189,0,2,2,0.0,0.002002002002002002,0.0,0.0,9.810527203015459e-26,0.00037903590918156766,0.0006857676868097409,948,479,629,629,629,744,469
LOG-00057,0,2,2,0.0,0.002002002002002002,0.0,0.0,9.810527203015459e-26,0.00037903590918156766,0.0008894087182234436,948,479,629,629,629,491,469
RET-00064,2,0,2,0.002002002002002002,0.0,0.0,0.12428997157309837,0.00022311939295581904,0.00048462804755181266,0.0005000725896763521,948,479,487,491,577,845,469
SUP-00069,0,2,2,0.0,0.002002002002002002,0.0,0.0,9.810527203015459e-26,0.00037903590918156766,0.0005877870566150147,948,479,629,629,629,826,469
LOG-00077,0,1,1,0.0,0.001001001001001001,0.0,0.0,9.810527203015459e-26,0.00037903590918156766,0.0008518790965227345,985,479,629,629,629,540,506
RET-00044,1,0,1,0.001001001001001001,0.0,0.0,0.15108882116317063,0.006253028062993539,0.00041554332667562475,0.0005000725896763521,985,479,419,431,621,845,506
RET-00126,1,0,1,0.001001001001001001,0.0,0.0,0.1544623007805906,0.010345131582714379,0.0004232203733317219,0.0005000725896763521,985,479,405,389,616,845,506
LOG-00026,0,1,1,0.0,0.001001001001001001,0.0,0.0,9.810527203015459e-26,0.00037903590918156766,0.0009222403978920112,985,479,629,629,629,451,506
LOG-00050,0,1,1,0.0,0.001001001001001001,0.0,0.0,9.810527203015459e-26,0.00037903590918156766,0.0005930951555025103,985,479,629,629,629,823,506
LOG-00047,0,1,1,0.0,0.001001001001001001,0.0,0.0,9.810527203015459e-26,0.00037903590918156766,0.00058541543045018,985,479,629,629,629,827,506
LOG-00019,0,1,1,0.0,0.001001001001001001,0.0,0.0,9.810527203015459e-26,0.00037903590918156766,0.0006750547583237645,985,479,629,629,629,760,506
LOG-00054,0,1,1,0.0,0.001001001001001001,0.0,0.0,9.810527203015459e-26,0.00037903590918156766,0.0006471808360849535,985,479,629,629,629,789,506
RET-00136,1,0,1,0.001001001001001001,0.0,0.0,0.14105993194930289,0.0029012795473322456,0.0004560631048336992,0.0005000725896763521,985,479,458,466,592,845,506
SUP-00237,0,1,1,0.0,0.001001001001001001,0.0,0.0,9.810527203015459e-26,0.00037903590918156766,0.0005586569656277312,985,479,629,629,629,838,506
LOG-00094,0,0,0,0.0,0.0,0.0,0.0,9.810527203015459e-26,0.00037903590918156766,0.0005000725896763521,995,479,629,629,629,845,516
LOG-00068,0,0,0,0.0,0.0,0.0,0.0,9.810527203015459e-26,0.00037903590918156766,0.0005000725896763521,995,479,629,629,629,845,516
LOG-00009,0,0,0,0.0,0.0,0.0,0.0,9.810527203015459e-26,0.00037903590918156766,0.0005000725896763521,995,479,629,629,629,845,516
LOG-00074,0,0,0,0.0,0.0,0.0,0.0,9.810527203015459e-26,0.00037903590918156766,0.0005000725896763521,995,479,629,629,629,845,516
LOG-00021,0,0,0,0.0,0.0,0.0,0.0,9.810527203015459e-26,0.00037903590918156766,0.0005000725896763521,995,479,629,629,629,845,516
RET-00015,0,0,0,0.0,0.0,0.0,0.0,9.810527203015459e-26,0.00037903590918156766,0.0005000725896763521,995,479,629,629,629,845,516
